Description,TotalPrice
  DOORMAT UNION JACK GUNS AND ROSES,1084.75
 3 STRIPEY MICE FELTCRAFT,1243.05
 4 PURPLE FLOCK DINNER CANDLES,535.9599999999999
 50'S CHRISTMAS GIFT BAG LARGE,2272.25
 ANIMAL STICKERS,80.85
 BLACK PIRATE TREASURE CHEST,77.55
 BROWN  PIRATE TREASURE CHEST ,59.39999999999999
 Bank Charges,30.0
 CAMPHOR WOOD PORTOBELLO MUSHROOM,53.75
 CHERRY BLOSSOM  DECORATIVE FLASK,1068.6000000000001
 DOLLY GIRL BEAKER,2759.5
 FAIRY CAKE CANDLES,202.05
 FLAMINGO LIGHTS,1523.8500000000001
 HOME SWEET HOME  BLACKBOARD,722.31
 I LOVE LONDON MINI BACKPACK,1454.0
 I LOVE LONDON MINI RUCKSACK,4.15
 IVORY PAPER CUP CAKE CASES ,521.1
 LARGE SKULL WINDMILL,16.8
 NEW BAROQUE BLACK BOXES,76.5
 NINE DRAWER OFFICE TIDY,792.8499999999999
 OVAL WALL MIRROR DIAMANTE ,1258.95
 PAINT YOUR OWN CANVAS SET,724.8
 PEACE WOODEN BLOCK LETTERS,917.15
 RED SPOT GIFT BAG LARGE,2041.0
 RED/WHITE DOT MINI CASES,3536.13
 RIDGED GLASS T-LIGHT HOLDER,531.8000000000001
 SET 2 TEA TOWELS I LOVE LONDON ,10278.800000000001
 SET Of 6 SOLDIER SKITTLES,60.0
 SILVER CHERRY LIGHTS,1594.8000000000002
 SILVER T-LIGHT SETTING,240.15
 SPACEBOY BABY GIFT SET,7065.499999999999
 STAR  T-LIGHT HOLDER ,28.999999999999996
 TOADSTOOL BEDSIDE LIGHT ,17.9
 TRELLIS COAT RACK,1016.5500000000001
 VINTAGE DESIGN GIFT TAGS,207.39999999999998
 WHITE BAMBOO RIBS LAMPSHADE,148.26
 WHITE CHERRY LIGHTS,11697.300000000001
10 COLOUR SPACEBOY PEN,10211.3
11 PC CERAMIC TEA SET POLKADOT,14.850000000000001
12 ASS ZINC CHRISTMAS DECORATIONS,926.1000000000001
12 COLOURED PARTY BALLOONS,2683.35
12 DAISY PEGS IN WOOD BOX,1499.85
12 EGG HOUSE PAINTED WOOD,5176.67
12 HANGING EGGS HAND PAINTED,87.36
12 IVORY ROSE PEG PLACE SETTINGS,2909.83
12 MESSAGE CARDS WITH ENVELOPES,4852.95
12 MINI TOADSTOOL PEGS,592.5
12 PENCIL SMALL TUBE WOODLAND,5883.150000000001
12 PENCILS SMALL TUBE POSY,337.35
12 PENCILS SMALL TUBE RED RETROSPOT,6450.3
12 PENCILS SMALL TUBE RED SPOTTY,5001.95
12 PENCILS SMALL TUBE SKULL,8219.45
12 PENCILS TALL TUBE POSY,1906.1699999999998
12 PENCILS TALL TUBE RED RETROSPOT,3280.71
12 PENCILS TALL TUBE RED SPOTTY,1879.8899999999999
12 PENCILS TALL TUBE SKULLS,3965.3799999999997
12 PENCILS TALL TUBE WOODLAND,3743.3199999999997
12 PINK HEN+CHICKS IN BASKET,229.49999999999997
12 PINK ROSE PEG PLACE SETTINGS,1758.58
12 RED ROSE PEG PLACE SETTINGS,1453.38
15 PINK FLUFFY CHICKS IN BOX,88.5
15CM CHRISTMAS GLASS BALL 20 LIGHTS,19091.7
16 PC CUTLERY SET PANTRY DESIGN,63.8
16 PIECE CUTLERY SET PANTRY DESIGN,3018.2999999999997
18PC WOODEN CUTLERY SET DISPOSABLE,595.15
2 DAISIES HAIR COMB,53.10000000000001
2 PICTURE BOOK EGGS EASTER BUNNY,732.5
2 PICTURE BOOK EGGS EASTER CHICKS,732.5
2 PICTURE BOOK EGGS EASTER DUCKS,665.0
20 DOLLY PEGS RETROSPOT,6822.83
200 BENDY SKULL STRAWS,1390.4
200 RED + WHITE BENDY STRAWS,2404.61
24 HANGING EASTER EGGS FLORAL TUB,2225.85
3 BIRDS CANVAS SCREEN,3.69
3 BLACK CATS W HEARTS BLANK CARD,15.010000000000002
3 DRAWER ANTIQUE WHITE WOOD CABINET,6195.73
3 GARDENIA MORRIS BOXED CANDLES,2187.11
3 HEARTS HANGING DECORATION RUSTIC,23768.81
3 HOOK HANGER MAGIC GARDEN,4769.549999999999
3 HOOK PHOTO SHELF ANTIQUE WHITE,21914.02
3 PIECE JIGSAW TOADSTOOLS,26.4
3 PIECE SPACEBOY COOKIE CUTTER SET,5477.740000000001
3 PINK HEN+CHICKS IN BASKET,112.35
3 RAFFIA RIBBONS 50'S CHRISTMAS ,1632.4
3 RAFFIA RIBBONS VINTAGE CHRISTMAS,608.65
3 ROSE MORRIS BOXED CANDLES,2249.98
3 STRIPEY MICE FELTCRAFT,12775.0
3 TIER CAKE TIN GREEN AND CREAM,6723.01
3 TIER CAKE TIN RED AND CREAM,11631.83
3 TIER SWEETHEART GARDEN SHELF,2225.8500000000004
3 TRADITIONAL COOKIE CUTTERS  SET,696.6000000000001
3 TRADITIONAl BISCUIT CUTTERS  SET,3020.42
3 WHITE CHOC MORRIS BOXED CANDLES,2271.73
3 WICK CHRISTMAS BRIAR CANDLE ,975.0
36 DOILIES DOLLY GIRL,2703.6
36 DOILIES SPACEBOY DESIGN ,994.9
36 DOILIES VINTAGE CHRISTMAS,10591.85
36 FOIL HEART CAKE CASES,4935.960000000001
36 FOIL STAR CAKE CASES ,2826.1400000000003
36 PENCILS TUBE POSY,215.0
36 PENCILS TUBE RED RETROSPOT,5529.1900000000005
36 PENCILS TUBE RED SPOTTY,3882.29
36 PENCILS TUBE SKULLS,4710.42
36 PENCILS TUBE WOODLAND,4437.64
3D CHRISTMAS STAMPS STICKERS ,2316.43
3D DOG PICTURE PLAYING CARDS,3631.3
3D HEARTS  HONEYCOMB PAPER GARLAND,2463.6000000000004
3D SHEET OF CAT STICKERS,991.9499999999999
3D SHEET OF DOG STICKERS,1014.8299999999999
3D SHEET OF SEA WORLD STICKERS,124.94999999999999
3D STICKERS CHRISTMAS STAMPS,1137.0
3D STICKERS TRADITIONAL CHRISTMAS ,1187.0
3D STICKERS VINTAGE CHRISTMAS,1268.0
3D TRADITIONAL CHRISTMAS STICKERS,2988.04
3D VINTAGE CHRISTMAS STICKERS ,3090.59
4 BLUE DINNER CANDLES SILVER FLOCK,478.5
4 BURGUNDY WINE DINNER CANDLES,320.19
4 FESTIVE GREEN DINNER CANDLES,23.91
4 GOLD FLOCK CHRISTMAS BALLS,198.0
4 IVORY DINNER CANDLES GOLD FLOCK,1037.37
4 IVORY DINNER CANDLES SILVER FLOCK,2341.98
4 LAVENDER BOTANICAL DINNER CANDLES,2223.25
4 LILY  BOTANICAL DINNER CANDLES,2037.5
4 PEAR BOTANICAL DINNER CANDLES,2286.25
4 PINK DINNER CANDLE SILVER FLOCK,390.60999999999996
4 PINK FLOCK CHRISTMAS BALLS,245.5
4 ROSE PINK DINNER CANDLES,347.15999999999997
4 SKY BLUE DINNER CANDLES,230.96
4 TRADITIONAL SPINNING TOPS,9935.93
4 VANILLA BOTANICAL CANDLES,1848.75
4 WILDFLOWER BOTANICAL CANDLES,1532.75
5 HOOK BLACKBOARD ORGANISER ,2589.5899999999997
5 HOOK HANGER MAGIC TOADSTOOL,2801.1
5 HOOK HANGER RED MAGIC TOADSTOOL,6848.7
5 STRAND GLASS NECKLACE AMBER,95.25
5 STRAND GLASS NECKLACE AMETHYST,107.94999999999999
5 STRAND GLASS NECKLACE BLACK,107.94999999999999
5 STRAND GLASS NECKLACE CRYSTAL,598.35
50'S CHRISTMAS PAPER GIFT BAG,1068.1399999999999
50CM METAL STRING WITH  7 CLIPS,244.97
6 CHOCOLATE LOVE HEART T-LIGHTS,5156.14
6 CROCHET STRAWBERRIES,1102.64
6 EGG HOUSE PAINTED WOOD,7008.89
6 GIFT TAGS 50'S CHRISTMAS ,2753.4199999999996
6 GIFT TAGS VINTAGE CHRISTMAS ,3076.2899999999995
6 HOOK JEWEL STAND LILAC DRESS,8.49
6 HOOK JEWELLERY STAND BLACK DRESS,1071.6
6 RABBIT CHAIN EASTER,45.05
6 RIBBONS ELEGANT CHRISTMAS ,4437.98
6 RIBBONS EMPIRE  ,3068.3699999999994
6 RIBBONS RUSTIC CHARM,27457.339999999997
6 RIBBONS SHIMMERING PINKS ,1722.4399999999998
6 ROCKET BALLOONS ,2485.9
6 SEGMENT COLOURED SNACK BOWL ,143.1
60 CAKE CASES DOLLY GIRL DESIGN,5092.860000000001
60 CAKE CASES VINTAGE CHRISTMAS,12884.57
60 GOLD AND SILVER FAIRY CAKE CASES,2021.63
60 TEATIME FAIRY CAKE CASES,26121.57
6PC WOOD PLATE SET DISPOSABLE,443.25
70'S ALPHABET WALL ART,1043.1
72 CAKE CASES DOLLY GIRL DESIGN,471.85
72 CAKE CASES VINTAGE CHRISTMAS,2162.19
72 ROUND PINK DOILIES,166.75
72 SWEETHEART FAIRY CAKE CASES,16475.22
75 BLACK FAIRY CAKE CASES,479.90000000000003
75 BLACK PETIT FOUR CASES,224.7
75 GREEN FAIRY CAKE CASES,1028.75
75 GREEN PETIT FOUR CASES,574.56
A PRETTY THANK YOU CARD,179.64
A4 WALL TIDY BLUE OFFICE,132.24
A4 WALL TIDY RED FLOWERS,8.67
ABC TREASURE BOOK BOX ,4377.76
ABSTRACT CIRCLE JOURNAL ,1841.4
ABSTRACT CIRCLES NOTEBOOK,700.1999999999999
ABSTRACT CIRCLES POCKET BOOK,934.5
ABSTRACT CIRCLES SKETCHBOOK ,1748.13
"ACRYLIC BEAD CHAIN, BLUE",87.02
"ACRYLIC BEAD CHAIN, PINK",43.32
"ACRYLIC BEAD GARLAND,PINK",5.9
ACRYLIC GEOMETRIC LAMP,497.65
"ACRYLIC HANGING JEWEL,BLUE",182.95
"ACRYLIC HANGING JEWEL,PINK",66.55
"ACRYLIC JEWEL ANGEL,BLUE",52.93
"ACRYLIC JEWEL ANGEL,PINK",124.88000000000001
"ACRYLIC JEWEL ICICLE, BLUE",168.38
"ACRYLIC JEWEL ICICLE, PINK",209.76
"ACRYLIC JEWEL SNOWFLAKE, PINK",75.88000000000001
"ACRYLIC JEWEL SNOWFLAKE,BLUE",91.47
"ACRYLIC JEWEL SNOWFLAKE,PINK",202.02
ADULT APRON APPLE DELIGHT,896.88
ADVENT CALENDAR GINGHAM SACK,10534.58
AFGHAN SLIPPER SOCK PAIR,9051.6
AGED GLASS SILVER T-LIGHT HOLDER,10697.300000000001
AIRLINE BAG VINTAGE JET SET BROWN,2251.95
AIRLINE BAG VINTAGE JET SET RED,4337.09
AIRLINE BAG VINTAGE JET SET WHITE,2201.19
AIRLINE BAG VINTAGE TOKYO 78,7094.2300000000005
AIRLINE BAG VINTAGE WORLD CHAMPION ,2588.08
"AIRLINE LOUNGE,METAL SIGN",1880.8100000000002
ALARM CLOCK BAKELIKE CHOCOLATE,8607.84
ALARM CLOCK BAKELIKE GREEN,25900.21
ALARM CLOCK BAKELIKE IVORY,13566.5
ALARM CLOCK BAKELIKE ORANGE,10637.94
ALARM CLOCK BAKELIKE PINK,21917.48
ALARM CLOCK BAKELIKE RED ,31993.09
ALPHABET HEARTS STICKER SHEET,711.4499999999999
ALPHABET STENCIL CRAFT,5204.51
ALUMINIUM HEART,74.7
ALUMINIUM STAMPED HEART,1862.5100000000002
AMBER BERTIE GLASS BEAD BAG CHARM,4.2
AMBER BERTIE MOBILE PHONE CHARM,28.73
AMBER CHUNKY BEAD BRACELET W STRAP,304.3
AMBER CHUNKY GLASS+BEAD NECKLACE,286.79999999999995
AMBER CRYSTAL DROP EARRINGS,2.95
AMBER DIAMANTE EXPANDABLE RING,153.0
AMBER DROP EARRINGS W LONG BEADS,76.70000000000002
AMBER FINE BEAD NECKLACE W TASSEL,47.6
AMBER GLASS BRACELET HEART CHARMS,44.550000000000004
AMBER GLASS TASSLE BAG CHARM,112.10000000000001
AMBER GLASS/SHELL/PEARL NECKLACE,26.849999999999998
AMBER GLASS/SILVER BRACELET,279.95
AMETHYST CHUNKY BEAD BRACELET W STR,456.45
AMETHYST DIAMANTE EXPANDABLE RING,191.25
AMETHYST HOOP EARRING FLORAL LEAF,165.20000000000002
ANGEL DECORATION 3 BUTTONS ,3130.02
ANGEL DECORATION PAINTED ZINC ,1307.65
ANGEL DECORATION STARS ON DRESS,2325.96
ANGEL DECORATION WITH LACE PADDED,1485.8
ANGEL ON KNEES METAL POLE 100CM H,5.1
ANIMAL STICKERS,738.21
ANIMALS AND NATURE WALL ART,923.97
ANT COPPER LIME BOUDICCA BRACELET,490.05
ANT COPPER PINK BOUDICCA BRACELET,363.85
ANT COPPER RED BOUDICCA BRACELET,193.05
ANT COPPER TURQ BOUDICCA BRACELET,440.55
ANT SILVER FUSCHIA BOUDICCA RING,123.90000000000002
ANT SILVER LIME GREEN BOUDICCA RING,162.25000000000003
ANT SILVER PURPLE BOUDICCA RING,79.65
ANT SILVER TURQUOISE BOUDICCA RING,85.55000000000001
ANT WHITE HIGH RISE BIRD BOX,304.0
ANT WHITE IRON BASKET,192.3
ANT WHITE SWEETHEART TABLE W 3 DRAW,320.0
ANT WHITE WIRE HEART SPIRAL,5865.06
ANTIQUE ALL GLASS CANDLESTICK,2180.88
ANTIQUE CREAM CUTLERY CUPBOARD,522.75
ANTIQUE CREAM CUTLERY SHELF ,918.0
ANTIQUE EDWARDIAN DRESSER,737.4
ANTIQUE GLASS DRESSING TABLE POT,6544.01
ANTIQUE GLASS HEART DECORATION ,4100.25
ANTIQUE GLASS PEDESTAL BOWL,4374.6
ANTIQUE GLASS PLACE SETTING,994.03
ANTIQUE GLASS RIDGED HANGING BALL,1477.05
ANTIQUE HEART SHELF UNIT,3879.15
ANTIQUE IVORY WIRE BOWL SMALL,241.53000000000003
ANTIQUE LILY FAIRY LIGHTS,12085.95
ANTIQUE MID BLUE FLOWER EARRINGS,29.75
ANTIQUE OLIVE GREEN FLOWER EARRINGS,68.0
ANTIQUE OPAL WHITE FLOWER EARRINGS,25.5
ANTIQUE RASPBERRY FLOWER EARRINGS,17.0
ANTIQUE SILVER BAUBLE LAMP  ,3489.7000000000003
ANTIQUE SILVER T-LIGHT GLASS,15206.42
ANTIQUE SILVER TEA GLASS ENGRAVED,17543.0
ANTIQUE SILVER TEA GLASS ETCHED,22588.36
ANTIQUE TALL SWIRLGLASS TRINKET POT,4002.13
APOTHECARY MEASURING JAR,751.4000000000001
APPLE BATH SPONGE,3935.54
APRON APPLE DELIGHT,2345.25
APRON MODERN VINTAGE COTTON,1523.85
AQUA BERTIE GLASS BEAD BAG CHARM,50.1
ARCHED GREY MIRROR,540.6
AREA PATROLLED METAL SIGN,14876.000000000002
ARMY CAMO BOOKCOVER TAPE,15.54
ARMY CAMO WRAPPING TAPE,157.18
"ART LIGHTS,FUNK MONKEY",1654.55
ASS COL CIRCLE MOBILE ,279.9
ASS COL LARGE SAND FROG P'WEIGHT,689.6700000000001
ASS COL LARGE SAND GECKO P'WEIGHT,753.78
ASS COL SMALL SAND FROG P'WEIGHT,445.74
ASS COL SMALL SAND GECKO P'WEIGHT,638.28
ASS COLOUR GLOWING TIARAS,554.8
ASS DES PHONE SPONGE CRAFT STICKER,531.39
ASS FLORAL PRINT MULTI SCREWDRIVER,1407.94
ASS FLORAL PRINT SCISSORS,1169.4
ASS FLORAL PRINT SPIRIT LEVEL ,197.38
ASS FLORAL PRINT TAPE MEASURE,289.19
ASS FLORAL PRINT TORCH,736.55
"ASS RETROSPOOF MUGS,SPORTS",75.0
ASS WINDPROOF MARIJUANA LIGHTERS,6.3
ASSORTED BOTTLE TOP  MAGNETS ,1223.16
ASSORTED CAKES FRIDGE MAGNETS,1756.0800000000002
ASSORTED CHEESE FRIDGE MAGNETS,497.34000000000003
ASSORTED CIRCULAR MOBILE,228.39
ASSORTED COLOUR BIRD ORNAMENT,127074.17
ASSORTED COLOUR JUMBO PEN,103.74
ASSORTED COLOUR LIZARD SUCTION HOOK,576.06
ASSORTED COLOUR METAL CAT ,294.85
ASSORTED COLOUR MINI CASES,21830.84
ASSORTED COLOUR SET 6 TEASPOONS,973.25
ASSORTED COLOUR SILK COIN PURSE,1667.5900000000001
ASSORTED COLOUR SILK COSMETIC PURSE,1537.5
ASSORTED COLOUR SILK GLASSES CASE,1059.54
ASSORTED COLOUR SUCTION CUP HOOK,70.11
ASSORTED COLOUR T-LIGHT HOLDER,4767.9400000000005
ASSORTED COLOURED CIRCLE MOBILE ,27.3
ASSORTED COLOURS SILK FAN,28829.32
ASSORTED CREEPY CRAWLIES,3251.89
ASSORTED DESIGN FLOWER MUGS,6.8
ASSORTED DESIGN GEISHA GIRL MUGS,6.25
ASSORTED EASTER DECORATIONS  BELLS,988.0600000000001
ASSORTED EASTER GIFT TAGS,1016.56
ASSORTED FARMYARD ANIMALS IN BUCKET,1431.4399999999998
ASSORTED FLORAL SECATEURS,1297.65
"ASSORTED FLOWER COLOUR ""LEIS""",11764.32
ASSORTED FRAGRANCE BATH CONFETTI,23.52
ASSORTED ICE CREAM FRIDGE MAGNETS,1755.8100000000002
ASSORTED INCENSE PACK,2213.97
ASSORTED LAQUERED INCENSE HOLDERS,1082.0700000000002
ASSORTED MINI MADRAS NOTEBOOK,1425.1
ASSORTED MONKEY SUCTION CUP HOOK,432.72
ASSORTED SANSKRIT MINI NOTEBOOK,1537.78
ASSORTED SANTA CHRISTMAS DECORATION,40.8
ASSORTED SHAPED STENCIL FOR HENNA,2.08
ASSORTED SHAPES PHOTO CLIP SILVER ,515.63
ASSORTED TUTTI FRUTTI  FOB NOTEBOOK,1724.9199999999998
ASSORTED TUTTI FRUTTI BRACELET,863.3900000000001
ASSORTED TUTTI FRUTTI HEART BOX,1281.25
ASSORTED TUTTI FRUTTI KEYRING,211.64999999999998
ASSORTED TUTTI FRUTTI KEYRING BALL,741.1299999999999
ASSORTED TUTTI FRUTTI LARGE PURSE,1722.0000000000002
ASSORTED TUTTI FRUTTI MIRROR,1630.95
ASSORTED TUTTI FRUTTI NOTEBOOK,2106.3
ASSORTED TUTTI FRUTTI PEN,2277.0899999999997
ASSORTED TUTTI FRUTTI PHOTO FRAME,1120.75
ASSORTED TUTTI FRUTTI ROUND BOX,1595.5499999999997
ASSORTED TUTTI FRUTTI SMALL PURSE,3184.38
ASSORTED WHITE EMBOSSED CHINA MUGS,1320.0
ASSTD COL BUTTERFLY/CRYSTAL W/CHIME,237.69
ASSTD DESIGN 3D PAPER STICKERS,926.88
ASSTD DESIGN BUBBLE GUM RING,4634.7
ASSTD DESIGN POP ART SLIM PEN,581.4
ASSTD DESIGN RACING CAR PEN,6696.69
ASSTD FRUIT+FLOWERS FRIDGE MAGNETS,928.32
ASSTD HEARTS DESIGN MUGS,536.1
ASSTD MULTICOLOUR CIRCLES MUG,770.12
ASSTD RASTA KEY-CHAINS,15.120000000000001
Adjustment by Peter on Jun 25 2010 ,731.0500000000001
Adjustment by john on 26/01/2010 16,2107.41
Adjustment by john on 26/01/2010 17,1431.1100000000001
BABUSHKA LIGHTS STRING OF 10,10486.14
BABY BOOM RIBBONS ,2602.64
BABY MOUSE RED GINGHAM DRESS,1802.25
BAG 125g SWIRLY MARBLES,5505.13
BAG 250g SWIRLY MARBLES,12838.08
BAG 500g SWIRLY MARBLES,2914.5599999999995
BAG FOR CHILDREN VINTAGE BLUE ,408.0
BAG FOR CHILDREN VINTAGE PINK ,408.0
BAG OF SILVER STONES,61.739999999999995
BAKING MOULD CHOCOLATE CUP CAKES,61.199999999999996
BAKING MOULD CHOCOLATE CUPCAKES,2460.89
BAKING MOULD CUPCAKE CHOCOLATE,30.599999999999998
BAKING MOULD EASTER EGG MILK CHOC,2307.6000000000004
BAKING MOULD EASTER EGG WHITE CHOC,1527.2
BAKING MOULD HEART MILK CHOCOLATE,2715.32
BAKING MOULD HEART WHITE CHOCOLATE,2068.06
BAKING MOULD ROSE MILK CHOCOLATE,2191.5
BAKING MOULD ROSE WHITE CHOCOLATE,796.13
BAKING MOULD TOFFEE CUP  CHOCOLATE,15.299999999999999
BAKING MOULD TOFFEE CUP CHOCOLATE,2104.65
BAKING SET 9 PIECE RETROSPOT ,43155.060000000005
BAKING SET SPACEBOY DESIGN,20335.11
BALLERINA HEART DECORATION.,468.4
BALLOON ART MAKE YOUR OWN FLOWERS,1718.94
BALLOON PUMP WITH 10 BALLOONS,4732.13
BALLOON WATER BOMB PACK OF 35,3288.7799999999997
BALLOONS  WRITING SET ,2780.4999999999995
BANK ACCOUNT  GREETING  CARD ,421.68
BANQUET BIRTHDAY  CARD  ,1608.0
BAROQUE BUTTERFLY EARRINGS BLACK,7.5
BAROQUE BUTTERFLY EARRINGS CRYSTAL,7.5
BAROQUE BUTTERFLY EARRINGS GREEN,7.5
BAROQUE BUTTERFLY EARRINGS MONTANA,11.25
BAROQUE BUTTERFLY EARRINGS PINK,7.5
BAROQUE BUTTERFLY EARRINGS RED,3.75
BASKET OF FLOWERS SEWING KIT,1453.1599999999999
BASKET OF TOADSTOOLS,2607.48
BASKET/8 SCENTED LOVE TOKEN CANDLES,453.75
BATH BUILDING BLOCK WORD,9501.880000000001
BATH DUCK WATERING CAN,2016.5200000000002
BATHROOM HOOK,137.76
BATHROOM METAL SIGN,6754.26
BATHROOM METAL SIGN ,2481.6
BATHROOM SCALES FOOTPRINTS IN SAND,331.75
BATHROOM SCALES RUBBER DUCKS,291.55
"BATHROOM SCALES, FAG BREAK",7.5
"BATHROOM SCALES, TROPICAL BEACH",131.25
BATHROOM SET LOVE HEART DESIGN,1410.8
BEACH HUT DESIGN BLACKBOARD,1025.0
BEACH HUT KEY CABINET,793.75
BEACH HUT MIRROR,654.54
BEACH HUT PHOTO FRAME,583.0999999999999
BEACH HUT SHELF W 3 DRAWERS,967.35
BEADED CHANDELIER T-LIGHT HOLDER,1313.29
BEADED CRYSTAL HEART BLUE  LARGE,749.1099999999999
BEADED CRYSTAL HEART BLUE ON STICK,208.59
BEADED CRYSTAL HEART BLUE SMALL,500.1
BEADED CRYSTAL HEART GREEN LARGE,805.05
BEADED CRYSTAL HEART GREEN ON STICK,211.43
BEADED CRYSTAL HEART GREEN SMALL,283.08
BEADED CRYSTAL HEART PINK LARGE,835.8299999999999
BEADED CRYSTAL HEART PINK ON STICK,270.94
BEADED CRYSTAL HEART PINK SMALL,855.35
BEADED CRYSTAL HEART PINK\ON STICK,20.0
BEADED LOVE HEART JEWELLERY SET,1676.36
BEADED PEARL HEART WHITE LARGE,1165.8
BEADED PEARL HEART WHITE ON STICK,1121.68
BEAUTY SPEED EXPRESSO CUPS,306.9
BEECH WOOD P/FRAME,36.25
BEECH WOOD PHOTO FRAME ,338.75
BEIGE PHOTO ALBUM,201.29999999999998
BELL HEART ANTIQUE GOLD,24.96
BELL HEART DECORATION,387.0
BELLE JARDINIERE CUSHION COVER,2604.48
BENDY COLOUR PENCILS,1.68
BERRIES CHUNKY KNITTED THROW ,84.75
BEST DAD CANDLE LETTERS,154.20999999999998
BEWARE OF THE CAT DOORMAT,13.5
BEWARE OF THE CAT METAL SIGN ,14195.14
BICYCLE PUNCTURE REPAIR KIT ,3338.8
BICYCLE SAFTEY WALL ART,2371.94
BIG DOUGHNUT FRIDGE MAGNETS,4893.08
BIG PINK POODLE,213.7
BIG POLKADOT MUG,128.33999999999997
BILI NUT AND WOOD NECKLACE,48.0
BINGO SET,12064.95
BIRD BOX CHRISTMAS TREE DECORATION,194.64999999999998
BIRD DECORATION GREEN  SPOT,498.09999999999997
BIRD DECORATION GREEN POLKADOT,413.09999999999997
BIRD DECORATION RED RETROSPOT,965.5799999999999
BIRD DECORATION RED SPOT,966.5899999999999
BIRD HOUSE HOT WATER BOTTLE,4412.51
BIRD IN TREE MUG ,504.55
BIRD ON BRANCH CANVAS SCREEN,21.45
BIRDCAGE DECORATION MAGIC GARDEN,53.55
BIRDCAGE DECORATION TEALIGHT HOLDER,1145.76
BIRDHOUSE DECORATION MAGIC GARDEN,1926.69
BIRDHOUSE GARDEN MARKER ,3348.1
BIRDS MOBILE VINTAGE DESIGN,3414.26
BIRTHDAY BANNER TAPE,60.0
BIRTHDAY BANQUET GIFT WRAP,1176.8
"BIRTHDAY CARD, RETRO SPOT",1062.72
BIRTHDAY PARTY CORDON BARRIER TAPE,910.02
BISCUIT TIN 50'S CHRISTMAS,5795.2
BISCUIT TIN VINTAGE CHRISTMAS,4576.05
BISCUIT TIN VINTAGE GREEN,3645.73
BISCUIT TIN VINTAGE LEAF,64.56
BISCUIT TIN VINTAGE RED,5013.05
"BISCUIT TIN, MINT,IVORY, VINTAGE",6.75
"BISCUIT TIN, RED,IVORY, VINTAGE",230.55
BISCUITS SMALL BOWL LIGHT BLUE,726.36
BLACK 3 BEAD DROP EARRINGS,23.6
BLACK 3 TIER GLASS PLATE STAND,127.5
BLACK AND WHITE CAT BOWL,3106.2
BLACK AND WHITE DOG BOWL,3140.82
BLACK AND WHITE PAISLEY FLOWER MUG,3019.57
BLACK ASSORTED DROPLET DECORATION,22.42
BLACK BAROQUE CARRIAGE CLOCK,358.62
BLACK BAROQUE CUCKOO CLOCK,1134.75
BLACK BAROQUE WALL CLOCK ,639.6
BLACK BIRD GARDEN DESIGN MUG,934.87
BLACK BOX MIRROR LANTERN,268.75
BLACK CANDELABRA T-LIGHT HOLDER,1362.8600000000001
BLACK CHAMPAGNE GLASS,1121.97
BLACK CHERRY LIGHTS,1428.2
BLACK CHRISTMAS FLOCK DROPLET ,144.07
BLACK CHRISTMAS TREE 120CM,828.5699999999999
BLACK CHRISTMAS TREE 60CM,823.2
BLACK CHUNKY BEAD BRACELET W STRAP,447.49999999999994
BLACK CRYSTAL DROP EARRINGS,26.550000000000004
BLACK DIAMANTE EXPANDABLE RING,229.5
BLACK DIAMOND CLUSTER EARRINGS,2.55
BLACK DIAMOND CLUSTER NECKLACE,44.75
BLACK DINER WALL CLOCK,2952.05
BLACK DROP CRYSTAL NECKLACE,45.35000000000001
BLACK DROP EARRINGS W LONG BEADS,5.9
BLACK EAR MUFF HEADPHONES,940.85
BLACK ENAMEL FLOWER RING,315.65000000000003
BLACK ENCHANTED FOREST PLACEMAT,1997.25
BLACK FACE LAMB WITH PANTS,376.59
BLACK FEATHER CHRISTMAS DECORATION,58.900000000000006
BLACK FINE BEAD NECKLACE W TASSEL,65.45
BLACK FLOCK GOLD CANDLE,20.580000000000002
BLACK FLOWER CANDLE PLATE,219.66
BLACK GEMSTONE BRACELET,486.24999999999994
BLACK GEMSTONE NECKLACE 45CM,204.0
BLACK GLASS BRACELET W HEART CHARMS,29.700000000000003
BLACK GLASS TV DOUBLE P/FRAME 15X10,72.25
BLACK GRAND BAROQUE PHOTO FRAME,1408.65
BLACK HEART CARD HOLDER,32379.54
BLACK KITCHEN SCALES,6865.93
BLACK LOVE BIRD CANDLE,356.49
BLACK LOVE BIRD T-LIGHT HOLDER,571.61
BLACK MEDIUM GLASS CAKE STAND,117.44
BLACK METAL BAROQUE PHOTO FRAME,798.75
BLACK MINI TAPE MEASURE ,592.25
BLACK NEW BAROQUE FLOCK BOX,41.65
BLACK ORANGE SQUEEZER,91.98
BLACK PHOTO ALBUM ,150.6
BLACK PILLAR CANDLE SILVER FLOCK,877.8000000000001
BLACK PIRATE TREASURE CHEST,1279.32
BLACK RECORD COVER FRAME,67209.44
BLACK RETRO BAR STOOL,830.9000000000001
BLACK RETRODISC LAMPSHADE,1905.15
"BLACK RND BULLET""KEEP CLEAN"" BIN",2.55
BLACK SIL'T SQU CANDLE PLATE ,84.0
BLACK SILOUETTE CANDLE PLATE,417.33
BLACK SILOUETTE CANDLE PLATE ,227.4
BLACK SILVER FLOWER T-LIGHT HOLDER,1124.68
BLACK SMALL GLASS CAKE STAND,956.64
BLACK SQUARE TABLE CLOCK,374.29
BLACK STITCHED WALL CLOCK,806.23
BLACK SWEETHEART BRACELET,612.0
BLACK TEA TOWEL CLASSIC DESIGN,1169.77
"BLACK TEA,COFFEE,SUGAR JARS",823.9
BLACK VINT ART DEC CRYSTAL BRACELET,67.5
BLACK VINT ART DEC CRYSTAL NECKLACE,127.5
BLACK VINTAGE  CRYSTAL EARRINGS,63.75
BLACK VINTAGE EARRINGS,75.0
BLACK WINE GLASS,2625.6
BLACK+WHITE NECKLACE W TASSEL,316.2
BLACK/BLUE DOTS RUFFLED UMBRELLA,12107.050000000001
BLACK/BLUE POLKADOT UMBRELLA,9305.640000000001
BLACK/WHITE GLASS/SILVER BRACELET,402.75
BLACKCHRISTMAS TREE 30CM,23.75
BLCK NEW BAROQUE CANDLESTICK CANDLE,279.0
BLING KEY RING STAND,22.5
BLOKEY SILVER TOOL SET,153.45000000000002
BLOND DOLL DOORSTOP,509.58
BLOSSOM  IMAGES NOTEBOOK SET,940.0
BLOSSOM IMAGES GIFT WRAP SET,853.8000000000001
BLOSSOM IMAGES SCRAP BOOK SET,603.75
BLUE  DIAMANTE PEN IN GIFT BOX,705.45
BLUE  SPOTTY  COFFEE MUG,443.1
BLUE  SPOTTY CUP,2546.48
BLUE  SPOTTY EGG CUP ,1097.78
BLUE  SPOTTY PLATE ,3612.66
BLUE  SPOTTY PUDDING BOWL,694.08
BLUE  TILE HOOK,480.9
BLUE  VOILE LAMPSHADE,269.90000000000003
BLUE & WHITE BREAKFAST TRAY,387.95000000000005
BLUE 3 PIECE MINI DOTS CUTLERY SET,13823.91
BLUE 3 PIECE POLKADOT CUTLERY SET,8118.110000000001
BLUE 5 PATCH FLOWER CUSHION COVER,755.75
BLUE BABY BOY'S MEMORY BOX,34.75
BLUE BAROQUE FLOCK CANDLE HOLDER,17.85
BLUE BEADS+HAND PHONE CHARM,2.5
BLUE BIRDHOUSE DECORATION,550.41
BLUE BLOSSOM HAIR CLIP,106.05000000000001
BLUE BREAKFAST CUP AND SAUCER ,344.34000000000003
BLUE BUNNY EASTER EGG BASKET,230.24999999999997
BLUE BUTTERFLY ON SPRING,57.8
BLUE CALCULATOR RULER,1198.76
BLUE CAT BISCUIT BARREL PINK HEART,264.0
BLUE CHALET BIRDFEEDER,763.75
BLUE CHARLIE+LOLA PERSONAL DOORSIGN,1357.0600000000002
BLUE CHECK BAG W HANDLE 34X20CM,75.15999999999998
BLUE CHENILLE SHAGGY CUSHION COVER ,74.35
BLUE CHERRY BLOSSOM CUP & SAUCER,181.5
BLUE CIRCLES DESIGN MONKEY DOLL,599.25
BLUE CIRCLES DESIGN TEDDY,257.54999999999995
BLUE CLIMBING HYDRANGA ART FLOWER,547.6500000000001
BLUE COAT RACK PARIS FASHION,2567.79
BLUE COL METAL FOLDING CHAIR,43.85
BLUE CRUSOE CHECK LAMPSHADE,8.4
BLUE CRYSTAL BOOT PHONE CHARM,77.35
BLUE CUSHION COVER WITH FLOWER,1365.3
BLUE DAISY MOBILE,172.51
BLUE DELPHINIUM ARTIFICIAL FLOWER,537.3700000000001
BLUE DINER WALL CLOCK,11511.78
BLUE DISCO HANDBAG,419.38
BLUE DRAGONFLY HELICOPTER,906.3000000000001
BLUE DRAWER KNOB ACRYLIC EDWARDIAN,2400.43
BLUE DROP EARRINGS W BEAD CLUSTER,6.7
BLUE EASTER EGG HUNT START POST,152.1
BLUE EGG  SPOON,440.58
BLUE FAIRY CAKE CHILD'S APRON,1792.6499999999999
BLUE FAIRY CAKE CHILDRENS APRON,7.8
BLUE FELT EASTER EGG BASKET,2149.35
BLUE FELT HANGING HEART W FLOWER,26.349999999999998
BLUE FELT HANGING HEART WITH FLOWER,5.1
BLUE FLOCK CUSHION COVER ,27.5
BLUE FLOCK GLASS CANDLEHOLDER,737.23
BLUE FLORIBUNDA EGG WARMER,12.5
BLUE FLOWER DES PURSE,56.16
BLUE FLOWER T-LIGHT HOLDER,169.72
BLUE FLY SWAT,301.41
BLUE FLYING SINGING CANARY,1172.4
BLUE GEISHA GIRL ,221.25
BLUE GIANT GARDEN THERMOMETER,2838.9700000000003
BLUE GINGHAM ROSE CUSHION COVER,672.35
BLUE GINGHAM ROSE FLOOR CUSHION ,214.65
BLUE GINGHAM ROSE QUILT ,1444.15
BLUE GLASS CHUNKY CHARM BRACELET,322.2
BLUE GLASS GEMS IN BAG,418.38
BLUE GREEN EMBROIDERY COSMETIC BAG,79.54
BLUE HANGING GINGHAM EASTER HEN,35.7
BLUE HAPPY BIRTHDAY BUNTING,23905.670000000002
BLUE HARMONICA IN BOX ,15078.72
BLUE HEART COMPACT MIRROR,566.25
BLUE HIBISCUS  HAIR CLIP,8.4
BLUE HOLE PUNCH,102.5
BLUE JUICY FRUIT PHOTO FRAME,861.0
BLUE KASHMIRI BOXED MIRROR,428.0
BLUE KASHMIRI COFFEE TABLE ,1359.95
BLUE KASHMIRI OCCASIONAL TABLE,1169.5
BLUE KNITTED EGG COSY,169.26
BLUE KNITTED HEN ,609.9599999999999
BLUE KNITTED KID'S RUCKSACK,20.25
BLUE LEAVES AND BEADS PHONE CHARM,22.5
BLUE METAL WALL SHELF,109.44999999999999
BLUE MONTE CARLO HANDBAG,46.8
BLUE MURANO TWIST BRACELET,325.5
BLUE MURANO TWIST NECKLACE,198.99999999999997
BLUE NETTING STORAGE HANGER,31.2
BLUE NEW BAROQUE CANDLESTICK CANDLE,965.35
BLUE NEW BAROQUE FLOCK CANDLESTICK,262.71
BLUE ORGANDY ROUND LAMPSHADE W BEA,29.75
BLUE OWL DECORATION,244.79999999999998
BLUE OWL SOFT TOY,3012.3
BLUE PADDED SOFT MOBILE,1955.25
BLUE PAINTED KASHMIRI CHAIR,591.5
BLUE PAINTED KASHMIRI TABLE ,990.0
BLUE PAISLEY JOURNAL ,1564.37
BLUE PAISLEY NOTEBOOK,919.65
BLUE PAISLEY POCKET BOOK,1043.75
BLUE PAISLEY SKETCHBOOK,1244.87
BLUE PAISLEY TISSUE BOX,585.08
BLUE PAPER PARASOL ,4382.3
BLUE PARTY BAGS ,6636.14
BLUE PATCH PENCIL CASE PINK HEART,567.39
BLUE PATCH PURSE PINK HEART,604.25
BLUE PILLAR CANDLE SILVER FLOCK,182.15
BLUE POLKADOT BEAKER ,1143.48
BLUE POLKADOT BOWL,3770.04
BLUE POLKADOT COFFEE MUG,998.8199999999999
BLUE POLKADOT CUP,2940.4
BLUE POLKADOT EGG CUP ,552.76
BLUE POLKADOT GARDEN PARASOL,1104.6
BLUE POLKADOT KIDS BAG,930.2099999999999
BLUE POLKADOT LUGGAGE TAG ,212.26
BLUE POLKADOT PASSPORT COVER,252.24
BLUE POLKADOT PLATE ,3975.25
BLUE POLKADOT PUDDING BOWL,463.95000000000005
BLUE POLKADOT PURSE ,221.77
BLUE POLKADOT WASHING UP GLOVES,1047.9
BLUE POLKADOT WRAP,3641.5
BLUE PORCELAIN B'FLY OIL BURNER,8.850000000000001
BLUE POT PLANT CANDLE ,1776.2500000000002
BLUE PUDDING SPOON,293.58
BLUE PULL BACK RACING CAR,462.3
BLUE REFECTORY CLOCK ,1557.8999999999999
BLUE RETRO BAR STOOL,435.45000000000005
BLUE RETRO KITCHEN WALL CLOCK,285.25
BLUE RIVIERA HANDBAG,431.0
BLUE ROCKING SINGING CANARY,382.5
BLUE ROSE FABRIC MIRROR,977.29
BLUE ROSE PATCH PURSE PINK BUTTERFL,424.04999999999995
BLUE ROUND COMPACT MIRROR,193.75
BLUE SAVANNAH PICNIC HAMPER FOR 2,1645.3
BLUE SAVANNAH PICNIC HAMPER FOR 4,1654.5
BLUE SCANDINAVIAN PAISLEY WRAP,1338.5
BLUE SCOTTIE DOG W FLOWER PATTERN,565.8
BLUE SHARK HELICOPTER,389.55
BLUE SHELL+SILVER NECKLACE,90.0
BLUE SPOT CERAMIC DRAWER KNOB,10078.48
BLUE SPOTS  WRAP,2555.0
BLUE SPOTTY BEAKER ,210.6
BLUE SPOTTY BOWL,3197.16
BLUE SPOTTY LUGGAGE TAG ,488.5
BLUE SPOTTY PASSPORT COVER,341.20000000000005
BLUE SPOTTY PURSE ,446.30000000000007
BLUE SQUARE COMPACT MIRROR,483.75
BLUE STAR BLOCK TABLE LAMP,303.85
BLUE STONES ON WIRE FOR CANDLE,65.94
BLUE STRIPE CERAMIC DRAWER KNOB,12338.81
BLUE STRIPES SHOULDER BAG,13.37
BLUE SWEETHEART BRACELET,569.5
BLUE TABLE RUN FLOWER,67.5
BLUE TALL PORCELAIN T-LIGHT HOLDER,17.849999999999998
BLUE TEA TOWEL CLASSIC DESIGN,2693.34
BLUE TEATIME PRINT BOWL ,913.82
BLUE TILED SET OF 3 DRAWERS,63.75
BLUE TILED TRAY,402.75
BLUE TINSEL GARLAND ,24.7
BLUE TRAVEL FIRST AID KIT,130.35
BLUE TV TRAY TABLE ,513.74
BLUE VICTORIAN FABRIC HEART BOX,233.43
BLUE VICTORIAN FABRIC OVAL BOX,605.5699999999999
BLUE VINTAGE SPOT BEAKER,4528.29
BLUE WHITE PLASTIC RINGS LAMPSHADE,12.75
BLUE WHITE SCARF HOT WATER BOTTLE,63.2
BLUE WHITE SPOTS GARDEN PARASOL,1394.45
BLUE WIRE SPIRAL CANDLE HOLDER,330.2
BLUE YELLOW FLOWER PIGGY BANK,937.1999999999999
BLUE/BROWN DOTS RUFFLED UMBRELLA,2167.85
BLUE/CREAM STRIPE CUSHION COVER ,1508.55
BLUE/CREAM STRIPE FRINGE HAMMOCK,2307.8
BLUE/GREEN SHELL NECKLACE W PENDANT,35.7
BLUE/NAT SHELL NECKLACE W PENDANT,41.650000000000006
BLUE/PINK NEST STRIPE BOX,111.11999999999999
BLUE/WHITE RIBBED MELAMINE JUG,55.650000000000006
BLUE/YELLOW CERAMIC CANDLE HOLDER,16.5
BLUE/YELLOW FLOWER DESIGN BIG MUG,32.37
BOHEMIAN COLLAGE STATIONERY SET,1339.88
BOMBS AWAY METAL SIGN,2387.34
BOOM BOX SPEAKER BOYS,3754.05
BOOM BOX SPEAKER GIRLS,1035.4
BOOZE & WOMEN GREETING CARD ,383.16
BOTANICAL GARDENS WALL CLOCK ,5719.0
BOTANICAL LAVENDER BIRTHDAY CARD,414.21
BOTANICAL LAVENDER GIFT WRAP ,481.0
BOTANICAL LILY GIFT WRAP,353.0
BOTANICAL LILY GREETING CARD,378.42
BOTANICAL ROSE GIFT WRAP,1144.3
BOTANICAL ROSE GREETING CARD,649.68
BOTTLE BAG RETROSPOT ,5745.49
BOUDOIR SQUARE TISSUE BOX,1735.72
BOX OF 24 COCKTAIL PARASOLS,7101.35
BOX OF 3 PEBBLE CANDLES,2.95
BOX OF 6 ASSORTED COLOUR TEASPOONS,1871.49
BOX OF 6 CHRISTMAS CAKE DECORATIONS,6155.04
BOX OF 6 MINI 50'S CRACKERS,8216.79
BOX OF 6 MINI VINTAGE CRACKERS,8350.41
BOX OF 6 PEBBLE CANDLES,17.25
BOX OF 9 PEBBLE CANDLES,3177.0
BOX OF VINTAGE ALPHABET BLOCKS,29731.559999999998
BOX OF VINTAGE JIGSAW BLOCKS ,11329.42
BOX/12 CHICK & EGG IN BASKET,483.59999999999997
BOX/12 MOTHER & CHICK IN BASKET/BOW,228.45
BOYS ALPHABET IRON ON PATCHES,3542.61
BOYS VINTAGE TIN SEASIDE BUCKET,7818.53
BREAD BIN DINER STYLE BLACK,123.6
BREAD BIN DINER STYLE IVORY,16779.34
BREAD BIN DINER STYLE MINT,5837.8099999999995
BREAD BIN DINER STYLE PINK,5621.05
BREAD BIN DINER STYLE RED ,12347.56
"BREAD BIN, DINER STYLE, IVORY",742.55
"BREAD BIN, DINER STYLE, MINT",256.15
"BREAD BIN, DINER STYLE, PINK",127.6
"BREAD BIN, DINER STYLE, RED ",50.849999999999994
BRIGHT BLUES RIBBONS ,2886.39
"BROCADE PURSE,SMALL ARCH BUTTON",867.55
BROCADE RING PURSE ,14827.71
BROCANTE COAT RACK,3679.6
BROCANTE SHELF WITH HOOKS,1827.4
BROWN  PIRATE TREASURE CHEST ,863.2799999999999
BROWN ANTIQUE CUBE CANDLE,94.92
BROWN CHECK CAT DOORSTOP ,4670.0
BROWN COZY SQUARE PHOTO ALBUM,399.75
BROWN DOG CANNISTER W BONE,23.8
BROWN FLOWER LIGHTS,688.95
BROWN FURRY HOT WATER BOTTLE,665.05
BROWN KUKUI COCONUT SEED NECKLACE,115.65
BROWN VINTAGE VICTORIAN EARRINGS,35.400000000000006
BUBBLE GUM CHUNKY KNITTED THROW ,84.75
BUBBLE GUM SCARF KNITTING KIT,576.3000000000001
BUBBLEGUM RING ASSORTED,4894.83
BUDDHA INCENSE HOLDER ASSORTED,1587.24
BUFFALO BILL TREASURE BOOK BOX,3768.57
BUFFALO BILL WALL ART ,845.22
BULL DOG BOTTLE OPENER,3749.5
BULL DOG BOTTLE TOP WALL CLOCK,1484.25
BUNDLE OF 3 ALPHABET EXERCISE BOOKS,5225.219999999999
BUNDLE OF 3 RETRO EXERCISE BOOKS,98.99999999999999
BUNDLE OF 3 RETRO NOTE BOOKS,3421.3999999999996
BUNDLE OF 3 SCHOOL EXERCISE BOOKS  ,2691.14
BUNNY BUNCH OF FLOWERS,5.88
BUNNY DECORATION MAGIC GARDEN,797.17
BUNNY EGG BOX,1256.45
BUNNY EGG GARLAND,495.18
BUNNY WOODEN PAINTED WITH BIRD ,1131.11
BUNNY WOODEN PAINTED WITH FLOWER ,644.52
"BUNTING , SPOTTY ",634.7
BURG FLOCK GOLD CUP/CANDLE ,53.34
BUTTERFLIES  HONEYCOMB GARLAND,2243.5499999999997
BUTTERFLIES STICKERS,1372.61
BUTTERFLY CROCHET FOOD COVER,2147.92
BUTTERFLY CUSHION COVER,30.0
BUTTERFLY HAIR BAND,40.8
BUTTERFLY WATER TRANSFER TATTOOS ,186.95
BUTTON BOX ,4244.16
BUTTONS AND STRIPES NOTEBOOK ,348.75
BUTTONS DESIGN JEWELLERY BOX,270.0
Bank Charges,435.001
CABIN BAG VINTAGE PAISLEY,2626.7999999999997
CABIN BAG VINTAGE RETROSPOT,6216.55
CACTI T-LIGHT CANDLES,6275.96
CAKE PLATE LOVEBIRD PINK,2065.2000000000003
CAKE PLATE LOVEBIRD WHITE,4561.95
CAKE SHOP  STICKER SHEET,866.89
CAKE STAND 3 TIER MAGIC GARDEN,13108.8
CAKE STAND LACE WHITE,4419.5
CAKE STAND LOVEBIRD 2 TIER PINK,6348.95
CAKE STAND LOVEBIRD 2 TIER WHITE,6249.95
CAKE STAND VICTORIAN FILIGREE LARGE,1617.7
CAKE STAND VICTORIAN FILIGREE MED,1505.55
CAKE STAND VICTORIAN FILIGREE SMALL,1238.95
CAKE STAND WHITE TWO TIER LACE,8117.8
"CAKE TIN, 3 TIER MINT/IVORY",176.75
"CAKE TIN, 3 TIER RED/IVORY",383.4
"CAKE TIN, ROUND, VINTAGE MINT,IVORY",190.65
"CAKE TIN, ROUND, VINTAGE RED,CREAM",421.05
CAKES AND BOWS GIFT  TAPE,458.66
CAKES AND RABBITS DESIGN FLANNEL ,304.83
"CAKESTAND, 3 TIER, LOVEHEART",425.4
CALENDAR FAMILY FAVORITES,59.0
CALENDAR FAMILY FAVOURITES,1868.8300000000002
CALENDAR IN SEASON DESIGN,2577.0400000000004
CALENDAR PAPER CUT DESIGN,9245.990000000002
CAMOFLAGE CUSHION COVER,18.15
CAMOFLAGE DESIGN TEDDY,3358.8
CAMOUFLAGE BACKPACK ON WHEELS,19.9
CAMOUFLAGE DESIGN TEDDY,4720.05
CAMOUFLAGE EAR MUFF HEADPHONES,622.13
CAMOUFLAGE LED TORCH,10273.65
CAMPHOR WOOD PORTOBELLO MUSHROOM,417.77
CANDLE HOLDER SILVER MADELINE,315.28999999999996
"CANDLE IN JAR COLLAGE , VANILLA",165.75
CANDLE PLATE LACE WHITE,1069.3
CANDLE RING W/CLEAR BEADS,5.46
CANDLEHOLDER PINK HANGING HEART,11768.5
CANDY BUTTON PHOTO ALBUM,631.25
CANDY HEART HANGING DECORATION,867.96
CANDY PINK FRENCH BOUDOIR CLOCK,159.2
CANDY POP CHUNKY KNITTED THROW ,254.25
CANDY SHOP  STICKER SHEET,883.43
CANDY SPOT APRON,381.3
CANDY SPOT BREAD BASKETS,487.35
CANDY SPOT BUNNY,264.20000000000005
CANDY SPOT CUSHION COVER,325.11
CANDY SPOT EGG WARMER HARE,693.99
CANDY SPOT EGG WARMER RABBIT,212.87
CANDY SPOT HAND BAG,563.77
CANDY SPOT HEART DECORATION,336.59999999999997
CANDY SPOT TEA COSY,534.7
CANDY STRIPE ROSE C/COVER ,303.45
CANDY STRIPE ROSE FLOOR CUSHION,47.7
CANDY STRIPE ROSE QUILT,45.95
CANNABIS LEAF BEAD CURTAIN,40.8
CANNISTER VINTAGE LEAF DESIGN,23.4
CAPIZ CHANDELIER,149.75
CARAVAN SQUARE TISSUE BOX,1359.48
CARD BILLBOARD FONT,2189.43
CARD BIRTHDAY COWBOY,2032.05
CARD CAT AND TREE ,1055.52
CARD CHRISTMAS VILLAGE,2455.56
CARD CIRCUS PARADE,2111.79
CARD DOG AND BALL ,964.4399999999999
CARD DOLLY GIRL ,2838.21
CARD GINGHAM ROSE ,1109.02
CARD HOLDER GINGHAM HEART,6662.01
CARD HOLDER LOVE BIRD LARGE ,1323.4
CARD HOLDER LOVE BIRD SMALL,1255.7600000000002
CARD I LOVE LONDON ,2284.84
CARD MOTORBIKE SANTA,2630.64
CARD PARTY GAMES ,878.52
CARD PSYCHEDELIC APPLES,1100.76
CARD SUKI BIRTHDAY,1066.92
CARD WEDDING DAY,1086.12
"CARD, BILLBOARD FONT",519.48
"CARD, GINGHAM ROSE ",211.68
CARDHOLDER GINGHAM CHRISTMAS TREE,3504.74
CARDHOLDER GINGHAM HEART,216.90000000000003
CARDHOLDER GINGHAM STAR,3337.64
CARDHOLDER HOLLY WREATH METAL,6801.85
CARNATION SQUARE HANDY TIN,52.5
CARNIVAL BRACELET,1456.0
CAROUSEL CHILDRENS APRON,18.15
CAROUSEL CHILDRENS OVERALL,79.80000000000001
CAROUSEL DES CHILD'S APRON,143.54999999999998
CAROUSEL DES CHILD'S OVERALL,327.6
CAROUSEL DESIGN BABY BIB,93.75
CAROUSEL DESIGN WASHBAG,547.9499999999999
CAROUSEL PLACEMATS ,7.5
CAROUSEL PONIES BABY BIB,116.87
CARRIAGE,12796.0
CARROT CHARLIE+LOLA COASTER SET,1538.89
CARTOON  PENCIL SHARPENERS,375.6
CAST IRON HOOK GARDEN FORK,3614.91
CAST IRON HOOK GARDEN TROWEL,3195.56
CAT AND BIRD WALL ART,323.64
CAT BOWL ,2057.7
CAT BOWL VINTAGE CREAM,1729.45
"CAT BOWL, ENAMEL , CREAM COLOUR",39.0
"CAT FOOD CONTAINER , VINTAGE",63.49999999999999
CAT W SUNGLASSES BLANK CARD,0.76
CAT WITH SUNGLASSES BLANK CARD,0.95
CD WALL TIDY BLUE OFFICE,77.94000000000001
CD WALL TIDY RED FLOWERS,111.60000000000001
CERAMIC BIRDHOUSE BLACK ROSE  LARGE,811.6
CERAMIC BIRDHOUSE BUTTERFLY LARGE,772.95
CERAMIC BIRDHOUSE BUTTERFLY SMALL,1530.0
CERAMIC BIRDHOUSE CRESTED TIT LARGE,1473.45
CERAMIC BIRDHOUSE CRESTED TIT SMALL,1686.0500000000002
CERAMIC BIRDHOUSE FINCH BLUE  LARGE,399.55
CERAMIC BIRDHOUSE FINCH BLUE ROOF,1562.15
CERAMIC BIRDHOUSE RED ROOF LARGE,735.8000000000001
CERAMIC BIRDHOUSE RED ROOF SMALL,1222.8500000000001
CERAMIC BOWL WITH LOVE HEART DESIGN,1061.49
CERAMIC BOWL WITH STRAWBERRY DESIGN,5603.35
CERAMIC CAKE BOWL + HANGING CAKES,6475.25
CERAMIC CAKE DESIGN SPOTTED MUG,6443.61
CERAMIC CAKE DESIGN SPOTTED PLATE,3924.6499999999996
CERAMIC CAKE STAND + HANGING CAKES,20531.28
CERAMIC CAKE TEAPOT WITH CHERRY,4.95
CERAMIC CHERRY CAKE MONEY BANK,6316.679999999999
CERAMIC HEART CAKE MONEY BANK,159.6
CERAMIC HEART FAIRY CAKE MONEY BANK,6562.63
CERAMIC LOVE HEART MONEY BANK,878.1
CERAMIC LOVE HEARTS DESIGN MUG,761.39
CERAMIC PIRATE CHEST MONEY BANK,2493.35
CERAMIC PLATE LOVE HEART DESIGN,625.8
CERAMIC PLATE STRAWBERRY DESIGN,3515.64
CERAMIC STRAWBERRY CAKE MONEY BANK,11689.26
CERAMIC STRAWBERRY DESIGN MUG,3230.95
CERAMIC STRAWBERRY MONEY BOX,3321.8999999999996
CERAMIC STRAWBERRY TRINKET TRAY,799.5
CERAMIC STRWBERRY DESIGN MUG,3158.56
CERISE+GOLD CHRISTMAS STOCKING DEC,71.44
CERISE+GOLD CHRISTMAS TREE DEC,13.68
CHALKBOARD KITCHEN ORGANISER,3286.6
CHAMBRE HOOK,155.06999999999996
CHAMPAGNE TRAY BLANK CARD,1.9
CHARLIE & LOLA WASTEPAPER BIN BLUE,2194.75
CHARLIE & LOLA WASTEPAPER BIN FLORA,2651.0
CHARLIE + LOLA BISCUITS TINS,3970.2
CHARLIE + LOLA RED HOT WATER BOTTLE,5963.200000000001
CHARLIE AND LOLA CHARLOTTE BAG,2880.55
CHARLIE AND LOLA FIGURES TINS,4863.429999999999
CHARLIE AND LOLA TABLE TINS,2593.25
CHARLIE LOLA BLUE HOT WATER BOTTLE ,1747.94
CHARLIE+LOLA MY ROOM DOOR SIGN,497.64
CHARLIE+LOLA PINK HOT WATER BOTTLE,4889.81
CHARLIE+LOLA RED HOT WATER BOTTLE ,2303.62
"CHARLIE+LOLA""EXTREMELY BUSY"" SIGN",685.12
"CHARLOTTE BAG , PINK/WHITE SPOTS",3361.7
"CHARLOTTE BAG , SUKI DESIGN",3236.25
CHARLOTTE BAG ALPHABET  DESIGN,320.5
CHARLOTTE BAG APPLES DESIGN,5632.15
CHARLOTTE BAG DOLLY GIRL DESIGN,6458.49
CHARLOTTE BAG PINK POLKADOT,6880.09
CHARLOTTE BAG PINK WITH WHITE SPOTS,3156.3
CHARLOTTE BAG SUKI DESIGN,12531.9
CHARLOTTE BAG VINTAGE ALPHABET ,3786.22
CHERRY BLOSSOM  DECORATIVE FLASK,2792.67
CHERRY BLOSSOM BATHROOM CABINET,950.4000000000001
CHERRY BLOSSOM CANVAS ART PICTURE,201.3
CHERRY BLOSSOM DECORATIVE FLASK,2831.4
CHERRY BLOSSOM LUGGAGE TAG,428.89
CHERRY BLOSSOM PASSPORT COVER,240.38000000000002
CHERRY BLOSSOM PHOTO FRAME ,46.5
CHERRY BLOSSOM PURSE,61.95
CHERRY BLOSSOM TABLE CLOCK ,495.09999999999997
CHERRY CROCHET FOOD COVER,2927.77
CHERRY DESIGN PAPERLANTERNS,2002.3899999999999
CHERUB HEART DECORATION GOLD,620.4499999999999
CHERUB HEART DECORATION SILVER ,1090.4299999999998
CHEST 7 DRAWER MA CAMPAGNE,1196.5
CHEST NATURAL WOOD 20 DRAWERS,3655.0
CHEST OF DRAWERS GINGHAM HEART ,3812.9399999999996
CHICK GREY HOT WATER BOTTLE,14692.92
CHILDREN'S APRON DOLLY GIRL ,5266.280000000001
CHILDREN'S CIRCUS PARADE MUG,2129.08
CHILDREN'S SPACEBOY MUG,2937.5599999999995
CHILDRENS APRON APPLE DESIGN,520.5
CHILDRENS APRON APPLES DESIGN,5106.2
CHILDRENS APRON DOLLY GIRL ,216.3
CHILDRENS APRON SPACEBOY DESIGN,10252.89
CHILDRENS CIRCUS PARADE MUG,59.39999999999999
CHILDRENS CUTLERY CIRCUS PARADE,3856.59
CHILDRENS CUTLERY DOLLY GIRL ,6554.6
CHILDRENS CUTLERY POLKADOT BLUE,9831.4
CHILDRENS CUTLERY POLKADOT GREEN ,6599.06
CHILDRENS CUTLERY POLKADOT PINK,13796.6
CHILDRENS CUTLERY RETROSPOT RED ,9603.68
CHILDRENS CUTLERY SPACEBOY ,7974.38
CHILDRENS DOLLY GIRL MUG,2672.49
CHILDRENS GARDEN GLOVES BLUE,2159.16
CHILDRENS GARDEN GLOVES PINK,2165.85
CHILDRENS SPACEBOY MUG,158.39999999999998
CHILDRENS TOY COOKING UTENSIL SET,1371.48
CHILDS APRON SPACEBOY DESIGN,4191.9
CHILDS BREAKFAST SET CIRCUS PARADE,13100.58
CHILDS BREAKFAST SET DOLLY GIRL ,15106.35
CHILDS BREAKFAST SET SPACEBOY ,15387.9
CHILDS GARDEN BRUSH BLUE,2548.98
CHILDS GARDEN BRUSH PINK,2584.38
CHILDS GARDEN FORK BLUE ,1821.08
CHILDS GARDEN FORK PINK,1791.07
CHILDS GARDEN RAKE BLUE,1517.88
CHILDS GARDEN RAKE PINK,1472.88
CHILDS GARDEN SPADE BLUE,2003.88
CHILDS GARDEN SPADE PINK,1923.1800000000003
CHILDS GARDEN TROWEL BLUE ,1840.9399999999998
CHILDS GARDEN TROWEL PINK,1857.37
CHILLI LIGHTS,72860.14
CHINESE DRAGON PAPER LANTERNS,5069.48
CHOC TRUFFLE GOLD TRINKET POT ,2796.33
CHOCOLATE 1 WICK MORRIS BOX CANDLE,1551.56
CHOCOLATE 3 WICK MORRIS BOX CANDLE,2293.12
CHOCOLATE BOX RIBBONS ,4656.75
CHOCOLATE CALCULATOR,4928.929999999999
CHOCOLATE HOT WATER BOTTLE,47555.840000000004
CHOCOLATE ICE CREAM CANDLE,3.9
CHOCOLATE THIS WAY METAL SIGN,18394.640000000003
CHRISTMAS CARD SCREEN PRINT ,593.16
CHRISTMAS CARD SINGING ANGEL,612.9
CHRISTMAS CARD STACK OF PRESENTS,562.02
CHRISTMAS CRAFT HEART DECORATIONS,838.2
CHRISTMAS CRAFT HEART STOCKING ,2637.4
CHRISTMAS CRAFT LITTLE FRIENDS,9171.300000000001
CHRISTMAS CRAFT TREE TOP ANGEL,6419.380000000001
CHRISTMAS CRAFT WHITE FAIRY ,5898.54
CHRISTMAS DECOUPAGE CANDLE,1264.96
"CHRISTMAS GARLAND STARS,TREES",2065.0
CHRISTMAS GINGHAM HEART,5347.96
CHRISTMAS GINGHAM STAR,4528.29
CHRISTMAS GINGHAM TREE,3810.72
CHRISTMAS HANGING HEART WITH BELL,2167.64
CHRISTMAS HANGING SNOWFLAKE,421.02000000000004
CHRISTMAS HANGING STAR WITH BELL,3783.35
CHRISTMAS HANGING TREE WITH BELL,2231.83
CHRISTMAS LIGHTS 10 REINDEER,20279.4
CHRISTMAS LIGHTS 10 SANTAS ,9278.45
CHRISTMAS LIGHTS 10 VINTAGE BAUBLES,11350.130000000001
CHRISTMAS METAL POSTCARD WITH BELLS,2865.53
CHRISTMAS METAL TAGS ASSORTED ,6183.3099999999995
CHRISTMAS MUSICAL ZINC HEART ,1354.79
CHRISTMAS MUSICAL ZINC STAR,1387.49
CHRISTMAS MUSICAL ZINC TREE,887.1299999999999
CHRISTMAS PUDDING TRINKET POT ,5609.0199999999995
CHRISTMAS RETROSPOT ANGEL WOOD,4126.57
CHRISTMAS RETROSPOT HEART WOOD,3573.45
CHRISTMAS RETROSPOT STAR WOOD,3853.7099999999996
CHRISTMAS RETROSPOT TREE WOOD,3294.8999999999996
CHRISTMAS STAR WISH LIST CHALKBOARD,5898.32
CHRISTMAS TABLE CANDLE SILVER SPIKE,13.28
CHRISTMAS TABLE SILVER CANDLE SPIKE,1303.54
CHRISTMAS TOILET ROLL,7833.110000000001
CHRISTMAS TREE DECORATION WITH BELL,863.52
CHRISTMAS TREE HANGING GOLD,690.64
CHRISTMAS TREE HANGING SILVER ,671.77
CHRISTMAS TREE HEART DECORATION,1083.1799999999998
CHRISTMAS TREE PAINTED ZINC ,1251.7900000000002
CHRISTMAS TREE STAR DECORATION,1141.1399999999999
CHRISTMAS TREE T-LIGHT HOLDER,593.05
CHRYSANTHEMUM  JOURNAL,1077.46
CHRYSANTHEMUM NOTEBOOK,1027.8
CHRYSANTHEMUM POCKET BOOK ,867.75
CHRYSANTHEMUM SKETCHBOOK ,1142.29
CHUNKY CRACKED GLAZE NECKLACE IVORY,64.5
CHUNKY SILVER NECKLACE PASTEL FLOWE,746.25
CINAMMON & ORANGE WREATH,3227.05
CINAMMON SET OF 9 T-LIGHTS,1652.11
CINDERELLA CHANDELIER ,3617.6000000000004
CINNAMON SCENTED VOTIVE CANDLE,581.6299999999999
CIRCLE OF FRIENDS CANDLE HOLDER,344.24999999999994
CIRCUS PARADE BABY GIFT SET,4444.75
CIRCUS PARADE CHILDRENS EGG CUP ,1483.59
CIRCUS PARADE LUNCH BOX ,10891.279999999999
CIRCUS PARADE LUNCHBOX ,1.95
CITRONELLA CANDLE FLOWERPOT,4573.05
CITRONELLA CANDLE GARDEN POT,3756.12
CITRUS GARLAND FELT FLOWERS ,352.95
CLAM SHELL LARGE,580.2
CLAM SHELL SMALL ,638.8900000000001
CLASSIC BICYCLE CLIPS ,2205.95
CLASSIC CAFE SUGAR DISPENSER,3038.35
CLASSIC CHROME BICYCLE BELL ,3435.7
CLASSIC CROME BICYCLE BELL ,77.4
CLASSIC DIAMANTE EARRINGS JET,20.650000000000002
CLASSIC DIAMANTE NECKLACE JET,37.5
CLASSIC FRENCH STYLE BASKET BROWN,1564.44
CLASSIC FRENCH STYLE BASKET GREEN ,2388.35
CLASSIC FRENCH STYLE BASKET NATURAL,3233.62
CLASSIC GLASS COOKIE JAR,5358.5
CLASSIC GLASS SWEET JAR,479.45000000000005
CLASSIC METAL BIRDCAGE PLANT HOLDER,18185.059999999998
CLASSIC SUGAR DISPENSER,247.32
CLASSIC WHITE FRAME,3017.4500000000003
CLASSICAL ROSE CANDLESTAND,481.55
CLASSICAL ROSE DISH,528.85
CLASSICAL ROSE SMALL VASE,1072.5
CLASSICAL ROSE TABLE LAMP,103.3
CLASSICAL ROSE URN,372.3
CLEAR ACRYLIC FACETED BANGLE,220.10000000000002
CLEAR COLOUR GLASS GEMS IN BAG,344.53999999999996
CLEAR CRYSTAL STAR PHONE CHARM,150.44
CLEAR DRAWER KNOB ACRYLIC EDWARDIAN,8244.61
CLEAR LOVE BIRD T-LIGHT HOLDER,316.61
CLEAR MILKSHAKE GLASS,907.5
CLEAR STATIONERY BOX SET ,69.69999999999999
CLOCK MAGNET MUM'S KITCHEN,837.88
CLOTHES PEGS RETROSPOT PACK 24 ,19029.01
COCKLE SHELL DISH,707.08
COCKTAIL SWORDS 50 PIECES,706.0799999999999
COFFEE MUG APPLES DESIGN,12213.1
COFFEE MUG BLUE PAISLEY DESIGN,4572.41
COFFEE MUG CAT + BIRD DESIGN,11162.789999999999
COFFEE MUG DOG + BALL DESIGN,9281.49
COFFEE MUG PEARS  DESIGN,10061.26
COFFEE MUG PINK PAISLEY DESIGN,4621.0
COFFEE SCENT PILLAR CANDLE,506.34999999999997
COGNAC AUX OEUFS METAL 1 HOOK,38.75
COLOUR GLASS T-LIGHT HOLDER HANGING,23848.11
COLOUR GLASS. STAR T-LIGHT HOLDER,41555.54
COLOURED GLASS STAR T-LIGHT HOLDER,3478.8300000000004
COLOURFUL FISHING GNOME,844.5500000000001
COLOURFUL FLOWER FRUIT BOWL,85.0
COLOURFUL STANDING GNOME,1119.15
COLOURING PENCILS BROWN TUBE,6737.65
COLUMBIAN  CUBE CANDLE ,109.16
COLUMBIAN CANDLE RECTANGLE,829.25
COLUMBIAN CANDLE ROUND,737.96
COLUMBIAN CANDLE ROUND ,515.24
COLUMBIAN CUBE CANDLE,485.55
CONCH SHELL,535.8
CONDIMENT TRAY 4 BOWLS AND 4 SPOONS,420.28
CONGRATULATIONS BUNTING,817.5
COOK WITH WINE METAL SIGN ,37387.49
COOKING SET RETROSPOT,6848.639999999999
COPPER AND BRASS BAG CHARM,54.510000000000005
COPPER/OLIVE GREEN FLOWER NECKLACE,148.75
CORDIAL GLASS JUG,255.75
CORDIAL JUG,49.5
CORONA MEXICAN TRAY,5286.2
COSMETIC BAG VINTAGE ROSE PAISLEY,2713.2200000000003
COSY HOUR CIGAR BOX MATCHES ,4305.58
COSY HOUR GIANT TUBE MATCHES,5462.549999999999
COSY SLIPPER SHOES LARGE GREEN,1910.1000000000001
COSY SLIPPER SHOES LARGE RED,492.65000000000003
COSY SLIPPER SHOES SMALL  RED ,1196.2
COSY SLIPPER SHOES SMALL GREEN,1114.7400000000002
COTE D'AZURE NECKLACE,163.35000000000002
COTTON APRON PANTRY DESIGN,2695.29
COUNTRY COTTAGE  DOORSTOP GREEN,1045.25
COW  SOCK PUPPET,159.3
COWBOYS AND INDIANS BIRTHDAY CARD ,3445.0299999999997
CRACKED GLAZE EARRINGS BROWN,2.55
CRACKED GLAZE EARRINGS RED,5.1
CRACKED GLAZE NECKLACE BROWN,20.85
CRACKED GLAZE NECKLACE IVORY,41.7
CRACKED GLAZE NECKLACE RED,48.65
CRAZY DAISY HEART DECORATION,916.62
CREAM AND PINK FLOWERS PONY ,116.25
CREAM BUNNY EASTER EGG BASKET,41.24999999999999
CREAM C/COVER W YELLOW/GREEN FLOWER,69.5
CREAM CLIMBING HYDRANGA ART FLOWER,205.35
CREAM CUPID HEARTS COAT HANGER,21989.9
CREAM CUSHION COVER WITH FLOWERS,355.85
CREAM DELPHINIUM ARTIFICIAL FLOWER,405.2300000000001
CREAM FELT EASTER EGG BASKET,3487.3499999999995
CREAM HANGING HEART T-LIGHT HOLDER,155.35
CREAM HEART CARD HOLDER,52627.29
CREAM KNITTED HEN,365.76
CREAM SLICE FLANNEL CHOCOLATE SPOT ,2011.8000000000002
CREAM SLICE FLANNEL PINK SPOT ,6276.900000000001
CREAM SWEETHEART DOUBLE SHELF,50.849999999999994
CREAM SWEETHEART EGG HOLDER,5232.400000000001
CREAM SWEETHEART LETTER RACK,7676.47
CREAM SWEETHEART MAGAZINE RACK,4489.15
CREAM SWEETHEART MINI CHEST,35889.479999999996
CREAM SWEETHEART SHELF + HOOKS,6105.51
CREAM SWEETHEART TRAYS,6785.5
CREAM SWEETHEART WALL CABINET,7562.86
CREAM WALL PLANTER HEART SHAPED,3324.11
CROCHET BEAR RED/BLUE  KEYRING,67.64999999999999
CROCHET BEAR WITH BLUE STRIPES,255.0
CROCHET DOG KEYRING,39.599999999999994
CROCHET LILAC/RED BEAR KEYRING,19.799999999999997
CROCHET POODLE KEYRING,34.64999999999999
CROCHET ROSE DES CLOTHES HANGER,76.7
CROCHET ROSE PURSE WITH SUEDE BACK,486.75000000000006
CROCHET WHITE RABBIT KEYRING ,100.8
CROSS STITCH ALPHABET CUSHION COVER,1291.15
CRYSTAL CHANDELIER T-LIGHT HOLDER,18.75
CRYSTAL CZECH CROSS PHONE CHARM,34.94
CRYSTAL DIAMANTE EXPANDABLE RING,216.75
CRYSTAL DIAMANTE STAR BROOCH,108.9
CRYSTAL DRAGONFLY PHONE CHARM,2.55
CRYSTAL FROG PHONE CHARM,139.18
CRYSTAL HOOP EARRING FLORAL LEAF,106.20000000000002
CRYSTAL KEY+LOCK PHONE CHARM,84.14999999999999
CRYSTAL LARGE JEWELLED PHOTO FRAME,56.099999999999994
CRYSTAL PAIR HEART HAIR SLIDES,131.25
CRYSTAL SEA HORSE PHONE CHARM,191.76
CRYSTAL SMALL JEWELLED PHOTOFRAME,1.65
CRYSTAL STILETTO PHONE CHARM,252.45
CRYSTAL STUD EARRINGS ASSORTED COL ,546.86
CRYSTAL STUD EARRINGS CLEAR DISPLAY,218.88
CUBIC MUG BLUE POLKA DOT,1093.95
CUBIC MUG FLOCK BLUE ON BROWN,1019.13
CUBIC MUG FLOCK PINK ON BROWN,80.13
CUBIC MUG PINK POLKA DOT,265.2
CUBIC MUG PINK POLKADOT,363.75
CUBIC MUG TEATIME CAKES,15.299999999999999
CUPBOARD 3 DRAWER MA CAMPAGNE,2663.65
CUPCAKE LACE PAPER SET 6,6837.679999999999
CUPID DESIGN SCENTED CANDLES,1050.8
CUPID SCENTED CANDLE IN GLASS,100.64999999999999
CURIO CABINET LINEN AND LACE ,290.1
CURIOUS  IMAGES NOTEBOOK SET,647.0
CURIOUS IMAGES GIFT WRAP SET,786.0
CURIOUS IMAGES SCRAP BOOK SET,543.45
CUSHION COVER PINK UNION FLAG,643.35
CUSHION COVER PINK UNION JACK,939.59
CUT GLASS HEXAGON T-LIGHT HOLDER,1869.4
CUT GLASS T-LIGHT HOLDER OCTAGON,2189.61
CUTE BIRD CEATURE SCREEN,18.48
CUTE CATS TAPE,459.20000000000005
CUTE RABBIT CEATURE SCREEN ,10.89
DADDY MOUSE RED GINGHAM BOW TIE,5.45
DAIRY MAID  PUDDING BOWL,1882.5
DAIRY MAID  SMALL  MILK JUG,455.70000000000005
DAIRY MAID BUTTER DISH,1762.5
DAIRY MAID CERAMIC BUTTER DISH,441.5
DAIRY MAID CERAMIC TOASTRACK,165.20000000000002
DAIRY MAID LARGE MILK JUG,4170.75
DAIRY MAID STRIPE MUG,3229.94
DAIRY MAID SUGAR JAM BOWL,1362.6
DAIRY MAID TOASTRACK,1004.47
DAIRY MAID TRADITIONAL TEAPOT ,5007.150000000001
DAISIES  HONEYCOMB GARLAND ,2337.8999999999996
DAISY ERASERS IN BAG,219.76
DAISY FOLKART HEART DECORATION,486.25
DAISY GARDEN MARKER,2472.45
DAISY HAIR BAND,110.54999999999998
DAISY HAIR COMB,35.699999999999996
DAISY JOURNAL ,718.67
DAISY NOTEBOOK ,759.75
DAISY RING,13.75
DAISY SKETCHBOOK ,610.61
DANISH ROSE BEDSIDE CABINET,1198.45
DANISH ROSE DECORATIVE PLATE,920.6400000000001
DANISH ROSE DELUXE COASTER,732.6999999999999
DANISH ROSE FOLDING CHAIR,1210.0
DANISH ROSE PHOTO FRAME,2125.95
DANISH ROSE ROUND SEWING BOX,1385.29
DANISH ROSE TRINKET TRAYS,829.73
DANISH ROSE UMBRELLA STAND,513.55
DARK BIRD HOUSE TREE DECORATION,511.96999999999997
DARK CHOCOLATE SCENTCANDLE,219.75
DARK PINK FLOCK GLASS CANDLEHOLDER,231.99
DECORATION  BUTTERFLY  MAGIC GARDEN,840.43
DECORATION  PINK CHICK MAGIC GARDEN,650.43
"DECORATION , HANGING METAL CHICKEN",586.25
"DECORATION , HANGING METAL RABBIT",852.5
"DECORATION , WOBBLY CHICKEN, METAL ",1073.1
"DECORATION , WOBBLY RABBIT , METAL ",1606.0499999999997
"DECORATION HEN ON NEST, HANGING",2769.6
DECORATION SITTING BUNNY,257.61
DECORATION WHITE CHICK MAGIC GARDEN,1096.01
DECORATION WOBBLY CHICKEN,256.11
DECORATION WOBBLY RABBIT METAL ,375.57
"DECORATION, HANGING HEART+MIRROR ",1695.15
DECORATIVE CATS BATHROOM BOTTLE,1179.01
DECORATIVE FLORE BATHROOM BOTTLE,600.16
DECORATIVE HANGING SHELVING UNIT,799.3000000000001
DECORATIVE NET CANOPY CREAM,541.6
DECORATIVE NET CANOPY LEOPARD,248.75
DECORATIVE PLANT POT WITH FRIEZE,775.05
DECORATIVE ROSE BATHROOM BOTTLE,1136.46
DECORATIVE VINTAGE COFFEE  BOX,223.05
DECORATIVE WICKER HEART LARGE,2812.7999999999997
DECORATIVE WICKER HEART MEDIUM,2193.69
DECORATIVE WICKER HEART SMALL,932.2800000000001
"DECOUPAGE,GREETING CARD,",594.72
DECROTIVEVINTAGE COFFEE GRINDER BOX,49.5
DEEP BLUE GLASS GEMS IN BAG,208.12
DELUXE SEWING KIT ,12196.02
DENIM PATCH PENCIL CASE BUTTERFLY,483.33
DENIM PATCH PURSE PINK BUTTERFLY,552.75
DIAMANTE BOW BROOCH BLACK COLOUR,577.8499999999999
DIAMANTE BOW BROOCH GREEN COLOUR,298.45
DIAMANTE BOW BROOCH RED COLOUR,425.45
DIAMANTE BOW BROOCH WHITE COLOUR,6.35
DIAMANTE HAIR GRIP PACK/2 BLACK DIA,28.049999999999997
DIAMANTE HAIR GRIP PACK/2 CRYSTAL,29.699999999999996
DIAMANTE HAIR GRIP PACK/2 LT ROSE,34.65
DIAMANTE HAIR GRIP PACK/2 MONTANA,41.24999999999999
DIAMANTE HAIR GRIP PACK/2 PERIDOT,42.89999999999999
DIAMANTE HAIR GRIP PACK/2 RUBY,39.599999999999994
"DIAMANTE HEART SHAPED WALL MIRROR, ",5020.41
DIAMANTE NECKLACE,60.0
DIAMANTE NECKLACE BLACK ,22.5
DIAMANTE NECKLACE GREEN,22.5
DIAMANTE NECKLACE PURPLE,75.0
DIAMANTE RING ASSORTED IN BOX.,2660.88
DIAMOND LAS VEGAS NECKLACE 45CM,53.550000000000004
DINOSAUR BIRTHDAY CARD,678.84
DINOSAUR HEIGHT CHART STICKER SET,1456.45
DINOSAUR KEYRINGS ASSORTED,2982.87
DINOSAUR LUNCH BOX WITH CUTLERY,5539.83
DINOSAUR LUNCHBOX WITH CUTLERY,1327.8
DINOSAUR PARTY BAG + STICKER SET,3489.9399999999996
DINOSAURS  WRITING SET ,2683.8399999999997
DINOSAURS WATER TRANSFER TATTOOS ,1469.8999999999999
DISCO BALL CHRISTMAS DECORATION,2399.8
DISCO BALL ROTATOR BATTERY OPERATED,2354.75
DISTRESSED CANDLE STICK WHITE,77.35
DO NOT TOUCH MY STUFF DOOR HANGER ,1611.86
DOCTOR'S BAG SOFT TOY,4806.929999999999
DOG AND BALL WALL ART,425.87999999999994
"DOG BOWL , CHASING BALL DESIGN",2537.13
DOG BOWL CHASING BALL DESIGN,6575.62
DOG BOWL VINTAGE CREAM,1878.42
"DOG BOWL, ENAMEL , CREAM COLOUR",34.0
"DOG FOOD CONTAINER , VINTAGE",85.0
DOG LICENCE WALL ART,2081.64
DOG TOY WITH PINK CROCHET SKIRT,1665.19
DOGGY RUBBER,139.44
DOILEY BISCUIT TIN,327.6
DOILEY STORAGE TIN,2934.98
DOILY THANK YOU CARD,296.7
DOLLCRAFT BOY JEAN-PAUL ,373.9
DOLLCRAFT GIRL AMELIE,178.2
DOLLCRAFT GIRL AMELIE KIT,294.7
DOLLCRAFT GIRL NICOLE,336.6
DOLLY CABINET 2 DRAWERS ,412.5
DOLLY CABINET 3 DRAWERS ,762.4499999999999
DOLLY GIRL BABY GIFT SET,6567.95
DOLLY GIRL CHILDRENS BOWL,1854.8500000000001
DOLLY GIRL CHILDRENS CUP,1881.39
DOLLY GIRL CHILDRENS EGG CUP,1263.71
DOLLY GIRL LUNCH BOX,31443.489999999998
DOLLY GIRL MINI BACKPACK,2855.55
DOLLY GIRL MINI RUCKSACK,33.2
DOLLY GIRL WALL ART,1055.94
DOLLY HONEYCOMB GARLAND,980.8499999999999
DOLLY MIXTURE CHILDREN'S UMBRELLA,1850.13
DOLPHIN WINDMILL,131.44000000000003
DONKEY TAIL GAME ,189.54000000000002
DOOR HANGER  MUM + DADS ROOM,1202.95
DOOR MAT 3 SMILEY CATS,9890.17
DOOR MAT AIRMAIL ,3003.51
DOOR MAT BIRD ON THE WIRE,3337.8
DOOR MAT BLACK FLOCK ,6937.88
DOOR MAT BLUE FLOCK,6.75
DOOR MAT CAMOUFLAGE,152.0
DOOR MAT ENGLISH ROSE ,9364.42
DOOR MAT FAIRY CAKE,10377.68
DOOR MAT FANCY FONT HOME SWEET HOME,7415.39
DOOR MAT FRIENDSHIP ,2941.06
DOOR MAT GREEN PAISLEY ,1424.09
DOOR MAT HEARTS,9774.98
DOOR MAT KISS MY.......,95.15
DOOR MAT MULTICOLOUR STRIPE,6278.18
DOOR MAT NEIGHBOURHOOD WITCH ,565.89
DOOR MAT NEW ENGLAND,12543.42
DOOR MAT RED SPOT,15100.97
DOOR MAT RESPECTABLE HOUSE,2479.86
DOOR MAT SPOTTY HOME SWEET HOME,10129.18
DOOR MAT SWEET HOME,131.25
DOOR MAT TOPIARY,6428.79
DOOR MAT UNION FLAG,24253.68
DOOR MAT UNION JACK GUNS AND ROSES,4569.76
DOOR MAT WELCOME PUPPIES,7842.59
DOORKNOB CERAMIC IVORY,52.199999999999996
DOORKNOB CRACKED GLAZE BLUE,238.49999999999997
DOORKNOB CRACKED GLAZE GREEN,19.799999999999997
DOORKNOB CRACKED GLAZE IVORY,268.2
DOORKNOB CRACKED GLAZE PINK,19.799999999999997
DOORMAT 3 SMILEY CATS,13838.97
DOORMAT AIRMAIL ,12077.17
DOORMAT BIRD ON THE WIRE,1100.15
DOORMAT BLACK FLOCK ,15797.76
DOORMAT CHRISTMAS VILLAGE,4966.929999999999
DOORMAT ENGLISH ROSE ,20628.04
DOORMAT FAIRY CAKE,29323.2
DOORMAT FANCY FONT HOME SWEET HOME,30453.78
DOORMAT FRIENDSHIP ,4099.43
DOORMAT HEARTS,35815.2
DOORMAT HOME SWEET HOME BLUE ,15424.51
DOORMAT I LOVE LONDON,5207.76
DOORMAT KEEP CALM AND COME IN,35913.85
DOORMAT KISS MY.......,106.58
DOORMAT MERRY CHRISTMAS RED ,7187.54
DOORMAT MULTICOLOUR STRIPE,12580.97
DOORMAT NEIGHBOURHOOD WITCH ,5740.650000000001
DOORMAT NEW ENGLAND,32221.33
DOORMAT PEACE ON EARTH BLUE,4865.26
DOORMAT RED RETROSPOT,33132.45
DOORMAT RED SPOT,7050.21
DOORMAT RESPECTABLE HOUSE,11468.54
DOORMAT SPOTTY HOME SWEET HOME,19750.97
DOORMAT TOPIARY,12476.34
DOORMAT UNION FLAG,40720.3
DOORMAT UNION JACK GUNS AND ROSES,11889.49
DOORMAT VINTAGE LEAF,3766.57
DOORMAT VINTAGE LEAVES DESIGN ,2833.7000000000003
DOORMAT WELCOME PUPPIES,19301.36
DOORMAT WELCOME SUNRISE,4625.65
DOORMAT WELCOME TO OUR HOME,13120.31
DOORSTOP FOOTBALL DESIGN,1702.21
DOORSTOP RACING CAR DESIGN,903.23
DOORSTOP RETROSPOT HEART,10456.0
DOORSTOP RUSSIAN DOLL GINGHAM,142.5
DOORSTOP RUSSIAN DOLL RETROSPOT,367.23
DOT MATRIX CANVAS ART PICTURE,147.05
DOTCOM POSTAGE,11906.36
DOTCOMGIFTSHOP TEA TOWEL,19.799999999999997
DOTS IRONING BOARD COVER,25.35
DOTTY PLACEMATS ,175.8
DOUBLE CERAMIC PARLOUR HOOK,91.30000000000001
DOUGHNUT LIP GLOSS ,11640.7
DOVE DECORATION PAINTED ZINC ,2048.29
DRAGONS BLOOD INCENSE,184.04
DRAWER KNOB ACRYLIC EDWARDIAN CLEAR,30.0
DRAWER KNOB ACRYLIC EDWARDIAN GREEN,30.0
DRAWER KNOB ACRYLIC EDWARDIAN PINK,30.0
DRAWER KNOB CERAMIC BLACK,1332.35
DRAWER KNOB CERAMIC IVORY,2889.49
DRAWER KNOB CERAMIC RED,952.4499999999999
DRAWER KNOB CRACKLE GLAZE BLUE,1761.6899999999998
DRAWER KNOB CRACKLE GLAZE GREEN,2060.3999999999996
DRAWER KNOB CRACKLE GLAZE IVORY,3361.7999999999997
DRAWER KNOB CRACKLE GLAZE PINK,1997.6999999999998
DRAWER KNOB VINTAGE GLASS BALL,669.61
DRAWER KNOB VINTAGE GLASS HEXAGON,596.96
DRAWER KNOB VINTAGE GLASS STAR,1019.0500000000001
DRAWERKNOB ACRYLIC EDWARDIAN PURPLE,30.0
DROP DIAMANTE EARRINGS BLACK DIAMON,44.25
DROP DIAMANTE EARRINGS CRYSTAL,50.150000000000006
DROP DIAMANTE EARRINGS GREEN,23.6
DROP DIAMANTE EARRINGS PURPLE,91.45000000000002
DROP EARRINGS W FLOWER & LEAF,10.2
DUCK SOCK PUPPET,11.8
DUSTY PINK CHRISTMAS TREE 30CM,13.75
DUSTY PINK CHRISTMAS TREE 60CM,29.500000000000004
Discount,397.89
EASTER BUNNIES ON A STICK,783.96
EASTER BUNNY GARLAND OF FLOWERS,577.08
EASTER BUNNY HANGING GARLAND,192.5
EASTER BUNNY WITH BASKET ON BACK,132.6
EASTER BUNNY WREATH,362.2
EASTER CRAFT 4 CHICKS ,5449.8
EASTER CRAFT IVY WREATH WITH CHICK,2350.65
EASTER DECORATION EGG BUNNY ,1256.68
EASTER DECORATION HANGING BUNNY,960.9000000000001
EASTER DECORATION NATURAL CHICK,1134.8500000000001
EASTER DECORATION SITTING BUNNY,824.7399999999999
EASTER TIN BUCKET,3363.6
EASTER TIN BUNNY BOUQUET,1918.4999999999998
EASTER TIN CHICKS IN GARDEN,481.79999999999995
EASTER TIN CHICKS PINK DAISY,971.8499999999999
EASTER TIN KEEPSAKE,1732.05
EASTER TREE YELLOW BIRDS,2210.1
EAU DE NIL DINER WALL CLOCK,2033.2
EAU DE NIL LOVE BIRD CANDLE,429.97
EAU DE NILE HEART SHAPE PHOTO FRAME,844.05
EAU DE NILE JEWELLED PHOTOFRAME,1010.6999999999999
EAU DE NILE JEWELLED T-LIGHT HOLDER,147.9
ECONOMY HOLIDAY PURSE,340.65000000000003
ECONOMY LUGGAGE TAG,387.06
ECONOMY PASSPORT COVER ,420.0
EDWARDIAN 2 DRAWER WALL CABINET ,755.8
EDWARDIAN DROP EARRINGS JET BLACK,30.0
EDWARDIAN HEART PHOTO FRAME,610.0500000000001
EDWARDIAN PARASOL BLACK,46676.22
EDWARDIAN PARASOL NATURAL,54741.46
EDWARDIAN PARASOL PINK,12141.210000000001
EDWARDIAN PARASOL RED,29140.670000000002
EDWARDIAN PHOTO FRAME,556.25
EDWARDIAN TOILET ROLL UNIT ,838.35
EGG CUP HENRIETTA HEN CREAM ,664.52
EGG CUP HENRIETTA HEN PINK,233.75
EGG CUP MILKMAID HEIDI,922.02
EGG CUP MILKMAID HELGA ,435.0
EGG CUP MILKMAID INGRID,703.51
EGG CUP NATURAL CHICKEN,1195.89
EGG FRYING PAN BLUE ,312.0
EGG FRYING PAN IVORY ,724.6400000000001
EGG FRYING PAN MINT ,351.52000000000004
EGG FRYING PAN PINK ,418.05
EGG FRYING PAN RED ,820.32
EIGHT PIECE CREEPY CRAWLIE SET,1017.94
EIGHT PIECE DINOSAUR SET,2090.21
EIGHT PIECE SNAKE  SET,1292.71
ELEPHANT BIRTHDAY CARD ,454.92
ELEPHANT CARNIVAL POUFFE,1897.6999999999998
ELEPHANT CLIP W SUCTION CUP,14.28
ELEPHANT TOY WITH BLUE T-SHIRT,599.43
"ELEPHANT, BIRTHDAY CARD, ",2815.32
ELVIS WALLHANGING / CURTAIN,371.25
EMBOSSED FLOWER TRELLIS PHOTO FRAME,12.75
EMBOSSED GLASS TEALIGHT HOLDER,5231.09
EMBOSSED HEART 3 DRAWER SHELF,2038.35
EMBOSSED HEART TRINKET BOX,452.34000000000003
EMBROIDERED REINDEER DECORATION,28.85
EMBROIDERED RIBBON REEL CLAIRE,755.01
EMBROIDERED RIBBON REEL DAISY ,1075.3799999999999
EMBROIDERED RIBBON REEL EMILY ,1050.58
EMBROIDERED RIBBON REEL RACHEL ,957.82
EMBROIDERED RIBBON REEL REBECCA ,860.88
EMBROIDERED RIBBON REEL ROSIE,923.54
EMBROIDERED RIBBON REEL RUBY ,589.38
EMBROIDERED RIBBON REEL SALLY ,909.14
EMBROIDERED RIBBON REEL SOPHIE  ,1028.76
EMBROIDERED RIBBON REEL SUSIE ,1072.96
EMERGENCY FIRST AID TIN ,3209.4
EMPIRE BIRTHDAY CARD,1994.91
EMPIRE DESIGN ROSETTE,3951.4199999999996
EMPIRE GIFT WRAP,3361.5
EMPIRE TEDDY,6.95
EMPIRE TISSUE BOX,2167.18
EMPIRE UNION JACK TV DINNER TRAY,4143.82
ENAMEL BLUE RIM BISCUIT BIN,1291.15
ENAMEL BLUE RIM COFFEE CONTAINER,448.13
ENAMEL BLUE RIM OVAL TRAY SET/2,407.52
ENAMEL BLUE RIM TEA CONTAINER,162.48000000000002
ENAMEL BOWL PANTRY,30.0
ENAMEL BREAD BIN CREAM,15964.25
ENAMEL CAT BOWL CREAM,157.8
ENAMEL COLANDER CREAM,3396.5600000000004
ENAMEL COLLANDER CREAM,527.25
ENAMEL DINNER PLATE PANTRY,19.799999999999997
ENAMEL DOG BOWL CREAM,300.48
ENAMEL FIRE BUCKET CREAM,3042.98
ENAMEL FLOWER JUG CREAM,17667.58
ENAMEL JUG PANTRY,30.0
ENAMEL MEASURING JUG CREAM,9088.29
ENAMEL MUG PANTRY,15.0
ENAMEL PINK COFFEE CONTAINER,1283.19
ENAMEL PINK SUGAR CONTAINER,581.58
ENAMEL PINK TEA CONTAINER,1298.64
ENAMEL WASH BOWL CREAM,4122.05
ENAMEL WATERING CAN CREAM,5985.74
ENCHANTED BIRD COATHANGER 5 HOOK,9456.53
ENCHANTED BIRD PLANT CAGE,1471.5
ENCHANTED GARDEN WROUGHT IRON TABLE,74.75
ENGLISH ROSE DESIGN PEG BAG,4489.280000000001
ENGLISH ROSE DESIGN QUILTED THROW,4391.1
ENGLISH ROSE DESIGN SHOPPING BAG,2.55
ENGLISH ROSE EDWARDIAN PARASOL,1515.0
ENGLISH ROSE GARDEN SECATEURS,2803.58
ENGLISH ROSE HOT WATER BOTTLE,8665.16
ENGLISH ROSE IRONING BOARD COVER,390.0
ENGLISH ROSE METAL WASTE BIN,436.6
ENGLISH ROSE MUG IN GIFT BOX,235.44
ENGLISH ROSE NOTEBOOK A6 SIZE,300.15000000000003
ENGLISH ROSE NOTEBOOK A7 SIZE,1923.58
ENGLISH ROSE PHOTO FRAME ,69.75
ENGLISH ROSE PLACEMATS,382.05
ENGLISH ROSE SCENTED HANGING FLOWER,459.75
ENGLISH ROSE SCENTED HANGING HEART,212.5
ENGLISH ROSE SCISSORS,871.4
ENGLISH ROSE SET/3 GARDEN TOOLS,23.85
ENGLISH ROSE SMALL SCENTED FLOWER,252.45
ENGLISH ROSE SPIRIT LEVEL ,946.6800000000001
ENGLISH ROSE TABLE CLOCK,307.2
ENGLISH ROSE TABLE CLOTH,2096.55
ENGLISH ROSE TAPE MEASURE,316.69
ENGLISH ROSE TEA FOR ONE GIFT BOX,6.75
ENGLISH ROSE TEA SET IN GIFT BOX,207.69
ENGLISH ROSE TORCH,194.75
ENVELOPE 50 BLOSSOM IMAGES,1080.99
ENVELOPE 50 CURIOUS IMAGES,598.61
ENVELOPE 50 ROMANTIC IMAGES,600.49
ESSENTIAL BALM 3.5g TIN IN ENVELOPE,1021.86
ETCHED GLASS BIRD TREE DECORATION,1015.0
ETCHED GLASS COASTER,1590.3799999999999
ETCHED GLASS DROPLET DECORATION,851.23
ETCHED GLASS STAR TREE DECORATION,1121.25
EUCALYPTUS & PINECONE  WREATH,2327.2000000000003
F FAIRY POTPOURRI CUSHIONS LAVENDER,137.54000000000002
F FAIRY POTPOURRI CUSHIONS SUMMER,1.69
F.FAIRY S/3 CANDLE/GLASS,226.5
"F.FAIRY S/3 CANDLE/GLASS, ROSE",476.4
"F.FAIRY S/3 CANDLE/GLASS,LAVENDER",380.35
"F.FAIRY S/3 CANDLE/GLASS,LILY/VALLY",349.15000000000003
"F.FAIRY S/3 SML CANDLE, LAVENDER",5.95
"F.FAIRY S/3 SML CANDLE, ROSE",5.95
"F.FAIRY S/3 SML CANDLE,LILY/VALLEY",5.95
"F.FAIRY,CANDLE IN GLASS,LAVENDER",12.75
"F.FAIRY,CANDLE IN GLASS,LILY/VALLEY",4.25
FAIRY CAKE BIRTHDAY CANDLE SET,5415.75
FAIRY CAKE CANDLES,5244.02
FAIRY CAKE CERAMIC BUTTER DISH,526.15
FAIRY CAKE DESIGN UMBRELLA,4209.42
FAIRY CAKE FLANNEL ASSORTED COLOUR,23534.52
FAIRY CAKE GREETINGS CARD,340.5
FAIRY CAKE NOTEBOOK A5 SIZE,651.9499999999999
FAIRY CAKE PLACEMATS,355.8
FAIRY CAKE PLACEMATS ,262.05
FAIRY CAKE WICKER PICNIC BASKET ,433.5
FAIRY CAKES  WALL THERMOMETER,71.39999999999999
FAIRY CAKES GIFT BAG,49.14
FAIRY CAKES NOTEBOOK A6 SIZE,1585.27
FAIRY CAKES NOTEBOOK A7 SIZE,1158.5
FAIRY CAKES PHOTO FRAME,103.75
FAIRY CAKES RECTANGLUAR BOXES,226.1
FAIRY CAKES ROUND NESTING BOXES,293.8
FAIRY CAKES TABLE CLOCK,170.04999999999998
FAIRY CAKES TILE COASTER,158.75
FAIRY DESIGN MUGS,2.5
FAIRY DREAMS INCENSE ,491.11
FAIRY SOAP SOAP HOLDER,2988.7599999999998
FAIRY TALE COTTAGE NIGHT LIGHT,1719.1499999999999
FAIRY TALE COTTAGE NIGHTLIGHT,8209.05
FAMILY ALBUM WHITE PICTURE FRAME,17040.74
FAMILY PHOTO FRAME CORNICE,10668.39
FAN BLACK FRAME ,73.66
"FANCY FONT BIRTHDAY CARD, ",4351.8
FANCY FONT HOME SWEET HOME DOORMAT,3822.5
FANCY FONTS BIRTHDAY WRAP,7009.5
FANNY'S REST STOPMETAL SIGN,4779.3
FAUX FUR CHOCOLATE THROW,1534.5
FAWN AND MUSHROOM GREETING CARD,472.08
FAWN BLUE HOT WATER BOTTLE,22658.2
"FEATHER DUSTER, COAL BLACK",212.5
"FEATHER DUSTER, LIGHT PINK",12.5
FEATHER HEART LIGHTS,2.95
"FEATHER PEN,COAL BLACK",2381.83
"FEATHER PEN,HOT PINK",3826.8799999999997
"FEATHER PEN,LIGHT PINK",2055.3599999999997
FELT EGG COSY BLUE RABBIT ,981.5699999999999
FELT EGG COSY CHICKEN,1492.32
FELT EGG COSY LADYBIRD ,489.44
FELT EGG COSY WHITE RABBIT ,1419.37
FELT FARM ANIMAL CHICKEN,1036.83
FELT FARM ANIMAL HEN,360.96
FELT FARM ANIMAL RABBIT,1004.52
FELT FARM ANIMAL SHEEP,244.39
FELT FARM ANIMAL WHITE BUNNY ,883.56
FELT TOADSTOOL  SMALL,874.65
FELT TOADSTOOL LARGE,1597.27
FELTCRAFT 6 FLOWER FRIENDS,24656.190000000002
FELTCRAFT BOY JEAN-PAUL KIT,1735.98
FELTCRAFT BUTTERFLY HEARTS,17689.3
FELTCRAFT CHRISTMAS FAIRY,14142.18
FELTCRAFT CUSHION BUTTERFLY,19586.68
FELTCRAFT CUSHION OWL,19848.46
FELTCRAFT CUSHION RABBIT,19892.66
FELTCRAFT DOLL EMILY,10383.660000000002
FELTCRAFT DOLL MARIA,3755.7100000000005
FELTCRAFT DOLL MOLLY,19480.43
FELTCRAFT DOLL ROSIE,13496.660000000002
FELTCRAFT GIRL AMELIE KIT,4824.13
FELTCRAFT GIRL NICOLE KIT,3174.7400000000002
FELTCRAFT HAIRBAND PINK AND BLUE,1688.9299999999998
FELTCRAFT HAIRBAND PINK AND PURPLE,2218.5499999999997
FELTCRAFT HAIRBAND RED AND BLUE,1564.83
"FELTCRAFT HAIRBAND S/2, PINK/PURPLE",81.6
"FELTCRAFT HAIRBAND, S/2, RED/BLUE",154.67999999999998
FELTCRAFT HAIRBANDS PINK + WHITE ,61.199999999999996
FELTCRAFT HAIRBANDS PINK AND WHITE ,1584.54
FELTCRAFT PRINCESS CHARLOTTE DOLL,12816.58
FELTCRAFT PRINCESS LOLA DOLL,11495.76
FELTCRAFT PRINCESS OLIVIA DOLL,8205.29
FENG SHUI PILLAR CANDLE,1216.38
FILIGREE DIAMANTE CHAIN,51.0
FILIGREE DIAMANTE EARRINGS,89.25
FILIGREE HEART BIRD WHITE ,1726.3
FILIGREE HEART BUTTERFLY WHITE ,1947.06
FILIGREE HEART DAISY WHITE,1478.59
FILIGREE WALL MIRROR  ANTIQUE WHITE,848.8
FILIGRIS HEART WITH BUTTERFLY,12959.14
FINE SILVER NECKLACE W PASTEL FLOWE,228.75
FINE WICKER HEART ,5791.1900000000005
FIRE POLISHED GLASS BRACELET BLACK,52.5
FIRE POLISHED GLASS BRACELET GREEN,82.5
FIRE POLISHED GLASS BRACELET MONTAN,48.75
FIRE POLISHED GLASS BRACELET RED,26.25
FIRE POLISHED GLASS NECKL BRONZE,71.4
FIRE POLISHED GLASS NECKL GOLD,41.65
FIRE POLISHED GLASS NECKL GREEN,107.10000000000001
FIRE POLISHED GLASS NECKL SILVER,41.65
FIRST AID TIN,10932.35
FIRST CLASS HOLIDAY PURSE ,394.27000000000004
FIRST CLASS LUGGAGE TAG ,417.13
FIRST CLASS PASSPORT COVER ,863.8800000000001
FIVE CATS HANGING DECORATION,1332.8700000000001
FIVE HEART HANGING DECORATION,4399.150000000001
FLAG OF ST GEORGE ,630.3
FLAG OF ST GEORGE CAR FLAG,389.76
FLAG OF ST GEORGE CHAIR,352.75
FLAMES SUNGLASSES PINK LENSES,135.14999999999998
FLAMINGO LIGHTS,2416.85
FLAT GLASS  BAUBLE WHITE FLOCK ,51.0
FLAT PALM T-LIGHT HOLDER,156.65
FLOOR CUSHION ELEPHANT CARNIVAL,935.65
FLOOR LAMP SHADE WOOD BASE,919.58
FLORAL BATHROOM SET,1050.51
FLORAL BLUE MONSTER,336.25
FLORAL DINOSAUR GREEN,110.5
FLORAL ELEPHANT SOFT TOY,3451.25
FLORAL FOLK STATIONERY SET,3208.4
FLORAL PINK MONSTER,412.23
FLORAL SOFT CAR TOY,461.25
FLOWER BLUE CLOCK W/SUCKER,68.0
FLOWER BLUE CLOCK WITH SUCKER,33.93
FLOWER BROOCH 4 ASSORTED COLOURS,24.75
FLOWER BURST SILVER RING CRYSTAL,335.0
FLOWER BURST SILVER RING GREEN,56.25
FLOWER BURST SILVER RING MIDN'T BLU,93.75
FLOWER BURST SILVER RING OPAL,146.25
FLOWER BURST SILVER RING ROSE,67.5
FLOWER DES BLUE HANDBAG/ORANG HANDL,11.25
FLOWER FAIRY 5 DRAWER LINERS,153.0
FLOWER FAIRY 5 SUMMER DRAW LINERS,15.299999999999999
FLOWER FAIRY INCENSE BOUQUET,589.94
FLOWER FAIRY INCENSE LAVENDER,892.91
FLOWER FAIRY INCENSE LILY,333.61
FLOWER FAIRY INCENSE ROSE,661.23
"FLOWER FAIRY MUG+COASTER,LAVENDER",60.0
"FLOWER FAIRY MUG+COASTER,ROSE",22.5
FLOWER FAIRY OIL BURNER SET ROSE,750.0
FLOWER FAIRY OIL BURNER SET SUMMER,693.25
FLOWER FAIRY POTPOURRI CUSHION LILY,201.24
FLOWER FAIRY SET 3 CANDLES LAVENDER,660.9
FLOWER FAIRY SET OF 3 LILY CANDLES,417.7
FLOWER FAIRY SUMMER BOUQUET SACHET,149.1
"FLOWER FAIRY,5 SUMMER B'DRAW LINERS",665.55
FLOWER GARLAND NECKLACE RED,166.95000000000002
"FLOWER GLASS GARLAND NECKL.36""BLACK",278.25
"FLOWER GLASS GARLAND NECKL.36""BLUE",174.9
"FLOWER GLASS GARLAND NECKL.36""GREEN",135.15
"FLOWER GLASS GARLD NECKL36""AMETHYST",143.1
"FLOWER GLASS GARLD NECKL36""TURQUOIS",103.35000000000001
FLOWER PENCIL/RUBBER+5 MINI PENCILS,207.06
FLOWER PURPLE CLOCK W/SUCKER,14.45
FLOWER PURPLE CLOCK WITH SUCKER,4.64
FLOWER SHOP DESIGN MUG,1.65
FLOWER VINE RAFFIA FOOD COVER,3750.9300000000003
FLOWER WINDMILL,255.51000000000002
FLOWERS  STICKERS,802.66
FLOWERS AND BIRDS WALL PLAQUE,15.9
FLOWERS CHANDELIER T-LIGHT HOLDER,2789.66
FLOWERS HANDBAG blue and orange,61.25
FLOWERS TILE COASTER,472.34
FLOWERS TILE HOOK,203.34
FLOWERS WALL THERMOMETER,130.04999999999998
FLUTED ANTIQUE CANDLE HOLDER,2524.1
FLYING PIG WATERING CAN,1114.45
FLYING SAUCER TABLE LIGHT IN WHITE,563.45
FOLDING BUTTERFLY MIRROR HOT PINK ,1427.99
FOLDING BUTTERFLY MIRROR IVORY ,597.78
FOLDING BUTTERFLY MIRROR RED  ,961.28
FOLDING CAMPING SCISSOR W/KNIF & S,5.279999999999999
FOLDING MIRROR HOT PINK ,118.91999999999999
FOLDING MIRROR IVORY ,14.939999999999998
FOLDING MIRROR RED  ,14.939999999999998
FOLDING SHIRT TIDY,4.65
FOLDING SHOE TIDY,132.0
FOLDING UMBRELLA  CHOC/WHITE  SPOT,2023.8
FOLDING UMBRELLA  CREAM/MULTI  SPOT,1193.4
FOLDING UMBRELLA  PINK/WHITE  SPOT,1493.1
FOLDING UMBRELLA  WHITE/RED  SPOT,922.0500000000001
"FOLDING UMBRELLA , BLACK/BLUE  SPOT",3035.4
"FOLDING UMBRELLA , RED/WHITE SPOT",2808.9
FOLDING UMBRELLA BLACKBLUE POLKADOT,922.97
FOLDING UMBRELLA CHOCOLATE POLKADOT,593.41
FOLDING UMBRELLA CREAM POLKADOT,890.35
FOLDING UMBRELLA PINKWHITE POLKADOT,585.66
FOLDING UMBRELLA RED/WHITE POLKADOT,1560.28
FOLDING UMBRELLA WHITE/RED POLKADOT,499.3
"FOLK ART GREETING CARD,pack/12",212.4
FOLK ART METAL HEART T-LIGHT HOLDER,273.16
FOLK ART METAL STAR T-LIGHT HOLDER,319.20000000000005
FOLK FELT HANGING MULTICOL GARLAND,1246.8
FOLKART BAUBLE CHRISTMAS DECORATION,671.51
FOLKART CHRISTMAS TREE T-LIGHT HOLD,92.72000000000001
FOLKART CLIP ON STARS,488.7
FOLKART CROWN TABLE DECORATIONS,380.03999999999996
FOLKART HEART CHRISTMAS DECORATIONS,1.25
FOLKART HEART NAPKIN RINGS,722.22
FOLKART STAR CHRISTMAS DECORATIONS,1712.4099999999999
FOLKART ZINC CLIP ON ANGEL WINGS,39.52
FOLKART ZINC HEART CHRISTMAS DEC,8300.22
FOLKART ZINC STAR CHRISTMAS DEC,946.9
FOOD CONTAINER SET 3 LOVE HEART ,8976.82
"FOOD COVER WITH BEADS , SET 2 SIZES",11.25
FOOD COVER WITH BEADS SET 2 ,3556.42
FOOD/DRINK SPONGE STICKERS,459.9
FOOD/DRINK SPUNGE STICKERS,158.19
FOOT STOOL HOME SWEET HOME ,4069.9
FORKED CACTUS CANDLE,727.9300000000001
FOUR HOOK  WHITE LOVEBIRDS,7563.51
FOUR PICTURE WHITE GLASS FRAME,86.25
FOUR RABBIT EASTER DECORATIONS,275.25
FRAPPUCINO SCARF KNITTING KIT,812.63
FREESTYLE CANVAS ART PICTURE,216.49999999999997
FRENCH BATHROOM SIGN BLUE METAL,4409.07
FRENCH BLUE METAL DOOR SIGN 0,710.65
FRENCH BLUE METAL DOOR SIGN 1,1418.64
FRENCH BLUE METAL DOOR SIGN 2,1177.51
FRENCH BLUE METAL DOOR SIGN 3,1007.43
FRENCH BLUE METAL DOOR SIGN 4,873.07
FRENCH BLUE METAL DOOR SIGN 5,1002.47
FRENCH BLUE METAL DOOR SIGN 6,818.07
FRENCH BLUE METAL DOOR SIGN 7,823.11
FRENCH BLUE METAL DOOR SIGN 8,751.82
FRENCH BLUE METAL DOOR SIGN 9,616.9
FRENCH BLUE METAL DOOR SIGN No,1062.2
"FRENCH BLUE METAL DOOR SIGN, 0",575.0
"FRENCH BLUE METAL DOOR SIGN, 1",700.0
"FRENCH BLUE METAL DOOR SIGN, 2",616.25
"FRENCH BLUE METAL DOOR SIGN, 3",607.5
"FRENCH BLUE METAL DOOR SIGN, 4",581.25
"FRENCH BLUE METAL DOOR SIGN, 5",582.5
"FRENCH BLUE METAL DOOR SIGN, 6",527.5
"FRENCH BLUE METAL DOOR SIGN, 7",547.5
"FRENCH BLUE METAL DOOR SIGN, 8",558.75
"FRENCH BLUE METAL DOOR SIGN, 9",552.5
"FRENCH BLUE METAL DOOR SIGN, No",421.25
"FRENCH BOTTLE , LAVENDER",677.0999999999999
"FRENCH BOTTLE, BRASSERIE DES ARTIST",446.09999999999997
FRENCH CARRIAGE LANTERN,858.9000000000001
FRENCH CHATEAU LARGE FRUIT BOWL ,621.75
FRENCH CHATEAU LARGE PLATTER ,546.45
FRENCH CHATEAU OVAL PLATTER,547.35
FRENCH CHATEAU SMALL FRUITBOWL,646.65
FRENCH EMROIDR LAVENDER SCENT HEART,690.9000000000001
FRENCH ENAMEL CANDLEHOLDER,3686.1900000000005
FRENCH ENAMEL POT W LID,2101.61
FRENCH ENAMEL SOAP DISH WITH LID,100.80000000000001
FRENCH ENAMEL UTENSIL HOLDER,1171.85
FRENCH ENAMEL WATER BASIN,1659.06
FRENCH FLORAL CUSHION COVER ,1358.8999999999999
FRENCH GARDEN SIGN BLUE METAL,1612.34
FRENCH KITCHEN SIGN BLUE METAL,2603.66
FRENCH LATTICE CUSHION COVER ,452.27
FRENCH LAUNDRY SIGN BLUE METAL,2650.6099999999997
FRENCH LAVENDER SCENT HEART,870.15
FRENCH PAISLEY CUSHION COVER,250.0
FRENCH PAISLEY CUSHION COVER ,591.79
FRENCH STYLE EMBOSSED HEART CABINET,1056.6
FRENCH STYLE STORAGE JAR BONBONS,695.06
FRENCH STYLE STORAGE JAR CAFE ,819.4599999999999
FRENCH STYLE STORAGE JAR JAM,116.58999999999999
FRENCH STYLE WALL DRESSER,1740.0
FRENCH STYLE WIRE DOOR CABINET ,29.95
FRENCH TOILET SIGN BLUE METAL,2767.73
FRENCH WC SIGN BLUE METAL,5206.36
FRESHWATER PEARL BRACELET GOLD,68.85
FRESHWATER PEARL BRACELET IVORY,89.25
FRESHWATER PEARL BRACELET PINK,38.25
FRIDGE MAGNETS LA VIE EN ROSE,1187.3999999999999
FRIDGE MAGNETS LES ENFANTS ASSORTED,1281.4499999999998
FRIDGE MAGNETS US DINER ASSORTED,1623.3
FROG CANDLE,719.62
FROG KING WATERING CAN,467.65000000000003
FROG SOCK PUPPET,495.40000000000003
FROSTED BOX 9 WHITE T-LIGHT CANDLES,1470.84
FROSTED GLASS WITH SILVER SURROUND,14.85
FROSTED WHITE BASE ,221.35
FRUIT SALAD BAG CHARM,74.36
FRUIT TREE AND BIRDS WALL PLAQUE,723.3000000000001
FRYING PAN BLUE POLKADOT,510.5
FRYING PAN BLUE POLKADOT ,1062.75
FRYING PAN BLUE RETROSPOT,12.75
FRYING PAN PINK POLKADOT,2175.04
FRYING PAN PINK POLKADOT ,2483.0
FRYING PAN PINK RETROSPOT,25.5
FRYING PAN RED POLKADOT ,4451.46
FRYING PAN RED RETROSPOT,1942.75
FRYING PAN UNION FLAG,11523.36
FULL ENGLISH BREAKFAST PLATE,10555.89
FUNKY DIVA PEN,8712.91
FUNKY FLOWER COFFEE POT,7.5
FUNKY FLOWER PICNIC BAG FOR 4,118.65
FUNKY GIRL ADDRESS BOOK,128.21
FUNKY GIRLZ ASST MAGNETIC MEMO PAD,237.9
FUNKY GIRLZ MAGNETIC TO DO LIST ,5.2
FUNKY MONKEY CUSHION COVER,275.4
FUNKY MONKEY GIFT BAG MEDIUM,435.24
FUNKY MONKEY GIFT BAG SMALL,121.85999999999999
FUNKY MONKEY MUG,699.15
FUNKY WASHING UP GLOVES ASSORTED,5857.92
FUSCHIA FLOWER PURSE WITH BEADS,219.67
FUSCHIA RETRO BAR STOOL,1657.8000000000002
FUSCHIA TABLE RUN FLOWER ,46.25
FUSCHIA VOILE POINTY SHOE DEC,63.96
FUSCHIA/GREEN STRIPE WOOLLY BLANKET,497.15
GAOLERS KEYS DECORATIVE GARDEN ,9110.65
GARAGE KEY FOB,491.15000000000003
GARDEN METAL SIGN ,3641.2499999999995
GARDEN PATH JOURNAL,1729.21
GARDEN PATH NOTEBOOK ,900.0
GARDEN PATH POCKET BOOK,1274.45
GARDEN PATH SKETCHBOOK,1368.48
GARDENERS KNEELING PAD,6337.33
GARDENERS KNEELING PAD CUP OF TEA ,9963.39
GARDENERS KNEELING PAD KEEP CALM ,12493.48
GARDENIA 1 WICK MORRIS BOXED CANDLE,2367.92
GARDENIA 3 WICK MORRIS BOXED CANDLE,2167.42
"GARLAND , WOODEN  "" HAPPY EASTER""",128.75
GARLAND WITH HEARTS AND BELLS,3071.55
GARLAND WITH STARS AND BELLS,2449.3500000000004
GARLAND WOODEN HAPPY EASTER,4391.81
"GARLAND, MAGIC GARDEN 1.8M",1171.6499999999999
"GARLAND, VINTAGE BELLS",265.88
GEISHA GIRL CHOPSTICKS SET/5,228.15
GEMSTONE CHANDELIER T-LIGHT HOLDER,347.70000000000005
GENTLEMAN SHIRT REPAIR KIT ,2399.1299999999997
GEORGIAN TRINKET BOX,1694.0
GERANIUM FOLKART HEART DECORATION,61.25
GERANIUM SQUARE HANDY TIN,51.25
GIANT 50'S CHRISTMAS CRACKER,6926.110000000001
GIANT BLACK SUNGLASSES,163.79999999999998
GIANT MEDINA STAMPED METAL BOWL ,2184.1
GIANT PINK HEART MEMO HOLDER,442.40000000000003
GIANT SEVENTEEN DRAWER SIDEBOARD,1240.0
GIFT BAG BIRTHDAY,769.7800000000001
GIFT BAG LARGE 50'S CHRISTMAS,30.0
GIFT BAG LARGE SPOT ,120.0
GIFT BAG LARGE VINTAGE CHRISTMAS,185.0
GIFT BAG PSYCHEDELIC APPLES,876.5600000000001
GIN & TONIC DIET GREETING CARD ,2914.02
GIN + TONIC DIET METAL SIGN,41373.380000000005
GIN AND TONIC DIET METAL SIGN,1118.46
GIN AND TONIC MUG,7678.51
GINGERBREAD MAN COOKIE CUTTER,9840.41
GINGHAM BABUSHKA DOORSTOP,657.61
GINGHAM HEART  DOORSTOP RED,7281.34
GINGHAM HEART DECORATION,5700.83
GINGHAM HEART WREATH,650.7
GINGHAM OVEN GLOVE RED HEART ,851.25
GINGHAM RECIPE BOOK BOX,1986.75
GINGHAM ROSE WRAP,1465.3
GIRAFFE WOODEN RULER,6820.74
GIRLS ALPHABET IRON ON PATCHES ,6644.37
GIRLS VINTAGE TIN SEASIDE BUCKET,7592.37
GIRLY PINK TOOL SET,1331.7
GLAMOROUS  MUG,5029.25
GLASS  BEURRE DISH,7708.950000000001
GLASS  SONGBIRD STORAGE JAR,1965.3
GLASS AND BEADS BRACELET IVORY,48.75
GLASS AND PAINTED BEADS BRACELET OL,37.5
GLASS AND PAINTED BEADS BRACELET TO,67.5
GLASS APOTHECARY BOTTLE ELIXIR,2959.6800000000003
GLASS APOTHECARY BOTTLE PERFUME,3775.4900000000002
GLASS APOTHECARY BOTTLE TONIC,3215.0400000000004
GLASS BEAD HOOP EARRINGS AMETHYST,35.400000000000006
GLASS BEAD HOOP EARRINGS BLACK,17.700000000000003
GLASS BEAD HOOP EARRINGS GREEN,11.8
GLASS BEAD HOOP EARRINGS MONTANA,20.650000000000002
GLASS BEAD HOOP NECKLACE AMETHYST,85.0
GLASS BEAD HOOP NECKLACE BLACK,68.0
GLASS BEAD HOOP NECKLACE GREEN,59.5
GLASS BEAD HOOP NECKLACE MONTANA,59.5
GLASS BELL JAR LARGE,34.0
GLASS BELL JAR SMALL,31.6
GLASS BON BON JAR,3497.22
GLASS BONBON JAR PARFUME AUX FLEURE,693.48
GLASS BONBON JAR. D'AMANDES,126.25
GLASS BONBON JAR. SUPERFINES,112.5
GLASS BONNE JAM JAR,480.1
GLASS CAKE COVER AND PLATE,5272.549999999999
GLASS CAKE STAND,1606.6499999999999
GLASS CAKE STAND MIRRORED BASE,987.55
GLASS CHALICE BLUE  LARGE ,245.25
GLASS CHALICE BLUE SMALL ,783.5999999999999
GLASS CHALICE GREEN  LARGE ,726.66
GLASS CHALICE GREEN  SMALL ,640.2599999999999
GLASS CHICKEN BUTTER DISH,451.34999999999997
GLASS CLOCHE LARGE,3509.65
GLASS CLOCHE SMALL,3489.48
GLASS ETCHED T-LIGHT HOLDER LARGE,2407.8
GLASS ETCHED T-LIGHT HOLDER MEDIUM,1639.5
GLASS HEART T-LIGHT HOLDER ,4444.389999999999
GLASS HONEYPOT WASP CATCHER,5100.45
GLASS JAR DAISY FRESH COTTON WOOL,4260.35
GLASS JAR DIGESTIVE BISCUITS,5583.1
GLASS JAR ENGLISH CONFECTIONERY,6316.650000000001
GLASS JAR KINGS CHOICE,3676.12
GLASS JAR MARMALADE ,2037.24
GLASS JAR PEACOCK BATH SALTS,1955.93
"GLASS JAR, ENGLISH CONFECTIONERY",5.9
"GLASS JAR, KINGS CHOICE SOAP",123.9
GLASS SONGBIRD STORAGE JAR,126.7
GLASS SPHERE CANDLE STAND LARGE ,562.45
GLASS SPHERE CANDLE STAND MEDIUM,1192.15
GLASS STAR FROSTED T-LIGHT HOLDER,5681.1900000000005
GLASS TWIST BON BON JAR,512.85
GLASS WINE GLASS DECORATIONS,37.5
GLITTER BUTTERFLY CLIPS,10091.25
GLITTER CHRISTMAS HEART ,1602.23
GLITTER CHRISTMAS STAR ,2248.88
GLITTER CHRISTMAS TREE,1129.66
GLITTER CHRISTMAS TREE WITH BELLS,1297.09
GLITTER HANGING BUTTERFLY STRING,9409.19
GLITTER HEART DECORATION,1056.73
GLITTER HEART GARLAND WITH BELLS ,2867.21
GLITTER SNOW PEAR TREE DECORATION,1291.83
GLITTER STAR GARLAND WITH BELLS ,2465.1
GLOW IN DARK DOLPHINS,105.63
GOLD  CHERRY LIGHTS,1817.0
GOLD 2 STRAND NECKLACE-LEAF CHARMS,22.5
GOLD APERITIF GLASS,209.36
GOLD CHRISTMAS STOCKING DECORATION,1.95
GOLD COSMETIC BAG PINK STAR,98.7
GOLD COSMETICS BAG WITH BUTTERFLY,39.900000000000006
GOLD DIAMANTE STAR BROOCH,49.5
GOLD EAR MUFF HEADPHONES,404.52000000000004
GOLD FABRIC MIRROR,226.74
GOLD FISHING GNOME,478.61
GOLD FLOWER CUSHION COVER ,123.6
GOLD JEWELERY BOX,92.00000000000001
GOLD M PEARL  ORBIT NECKLACE,179.1
GOLD M.O.P ORBIT BRACELET,54.45
GOLD M.O.P ORBIT DROP EARRINGS,68.0
GOLD M.O.P. ORBIT NECKLACE,5.9
GOLD MINI TAPE MEASURE ,1139.0
GOLD MUG BONE CHINA TREE OF LIFE,1746.61
GOLD PHOTO FRAME,607.44
GOLD PRINT PAPER BAG,87.79
GOLD SCROLL GLASS T-LIGHT HOLDER,368.22
GOLD STANDING GNOME,910.25
GOLD TEDDY BEAR,211.25
GOLD WASHBAG,404.59000000000003
GOLD WINE GLASS,1229.04
GOLD WINE GOBLET,534.96
GOLD/AMBER DROP EARRINGS W LEAF,100.30000000000001
GOLD/M.O.P PENDANT ORBIT NECKLACE,187.0
GOLDIE LOOKING MIRROR,128.70000000000002
GOTHIC CARRIAGE LANTERN,47.6
GRAND CHOCOLATECANDLE,26508.95
GRASS HOPPER WOODEN WALL CLOCK ,601.69
GREEN  DIAMANTE PEN IN GIFT BOX,448.2
GREEN  SPOTTY PLATE ,2093.0099999999998
GREEN 3 PIECE MINI DOTS CUTLERY SET,6766.29
GREEN 3 PIECE POLKADOT CUTLERY SET,5765.55
GREEN 3 TIER GLASS PLATE STAND,509.9
GREEN BIRDHOUSE DECORATION,565.0699999999999
GREEN BITTY LIGHT CHAIN,299.91
GREEN BLUE FLOWER PIGGY BANK,472.65
GREEN CAT FLORAL CUSHION COVER ,420.0
GREEN CHENILLE SHAGGY C/COVER,1.95
GREEN CHENILLE SHAGGY RUG,126.85
GREEN CHERRY LIGHTS,3100.2000000000003
GREEN CHRISTMAS TREE CARD HOLDER,6008.0199999999995
GREEN CHRISTMAS TREE STRING 20LIGHT,2127.3
GREEN CRYSTAL DROP EARRINGS,17.700000000000003
GREEN DRAWER KNOB ACRYLIC EDWARDIAN,2668.96
GREEN DROP EARRINGS W BEAD CLUSTER,20.1
GREEN EASTER EGG HUNT START POST,187.2
GREEN ENAMEL FLOWER HAIR TIE,26.550000000000004
GREEN ENAMEL FLOWER RING,244.85000000000002
GREEN ENAMEL+GLASS HAIR COMB,455.7
GREEN FERN JOURNAL ,1368.01
GREEN FERN NOTEBOOK,856.2
GREEN FERN POCKET BOOK,821.8499999999999
GREEN FERN SKETCHBOOK ,1194.21
GREEN FLORAL FELTCRAFT SHOULDER BAG,138.75
GREEN GEISHA GIRL ,221.25
GREEN GIANT GARDEN THERMOMETER,2605.5
GREEN GINGHAM FLOWER JEWELLERY BOX,2290.0499999999997
GREEN GLASS TASSLE BAG CHARM,147.5
GREEN GOOSE FEATHER CHRISTMAS TREE ,834.7500000000001
GREEN GOOSE FEATHER TREE 60CM,589.5
GREEN HEART COMPACT MIRROR,426.25
GREEN HEART OF GLASS BRACELET,142.8
GREEN JUICY FRUIT PHOTO FRAME,1036.05
GREEN KASHMIRI BOXED MIRROR,276.0
GREEN KASHMIRI OCCASIONAL TABLE,419.85
GREEN LEAVES AND BEADS PHONE CHARM,17.5
GREEN METAL BOX ARMY SUPPLIES,3482.64
GREEN METAL BOX TOP SECRET,132.0
GREEN METAL SWINGING BUNNY,766.13
GREEN MINI TAPE MEASURE ,1270.55
GREEN MURANO TWIST BRACELET,259.25
GREEN MURANO TWIST NECKLACE,139.29999999999998
GREEN PAIR HEART HAIR SLIDES,45.0
GREEN PENDANT TRIPLE SHELL NECKLACE,34.650000000000006
GREEN PEONY CUSHION COVER,403.75
GREEN PEONY DES C/COVER,46.5
GREEN PICNIC BARBECUE BUCKET,531.3
GREEN POLKADOT BOWL,1975.31
GREEN POLKADOT CUP,94.35
GREEN POLKADOT PLATE ,1874.9099999999999
GREEN POP ART MAO CUSHION COVER ,55.480000000000004
GREEN REGENCY TEACUP AND SAUCER,24191.59
GREEN ROSE CUSHION COVER,502.2
GREEN ROSE QUILT ,453.5
GREEN ROSE WASHBAG,2242.5
GREEN ROUND COMPACT MIRROR,296.25
GREEN SPOTTY BOWL,1831.53
GREEN SPOTTY CUP,1664.8
GREEN SQUARE COMPACT MIRROR,491.25
GREEN STONE/CRYSTAL EARRINGS,5.9
GREEN SWEETHEART BRACELET,723.25
GREEN VINTAGE EARRINGS ,131.25
GREEN VINTAGE SPOT BEAKER,4261.889999999999
GREEN WIRE GOBLET CANDLEHOLDER,63.6
GREEN WIRE STANDING CANDLE HOLDER,213.75
GREEN WITH METAL BAG CHARM,143.55
GREEN/BLUE CERAMIC CANDLE HOLDER,28.049999999999997
GREEN/BLUE FLOWER DESIGN BIG MUG,21.45
"GREETING CARD, BLACKPOOL ROCK",2.2800000000000002
"GREETING CARD, OVERCROWDED POOL.",68.59
"GREETING CARD, RITA",59.28000000000001
"GREETING CARD, STICKY GORDON",43.89000000000001
"GREETING CARD, THE BLACK CAT",25.2
"GREETING CARD, TWO SISTERS.",25.080000000000002
"GREETING CARD,SQUARE, DOUGHNUTS",101.6
GREY ACRYLIC FACETED BANGLE,182.65
GREY FLORAL FELTCRAFT SHOULDER BAG,4097.34
GREY HEART HOT WATER BOTTLE,22032.62
GROOVY CACTUS INFLATABLE,124.60999999999999
GROW A FLYTRAP OR SUNFLOWER IN TIN,18828.98
GROW YOUR OWN BASIL IN ENAMEL MUG,5379.3
GROW YOUR OWN FLOWERS SET OF 3,4741.11
GROW YOUR OWN HERBS SET OF 3,5088.54
GROW YOUR OWN PLANT IN A CAN ,11262.07
GUMBALL COAT RACK,27051.53
"GUMBALL COATHOOK., BLACK & WHITE ",25.0
GUMBALL MAGAZINE RACK,5786.54
GUMBALL MONOCHROME COAT RACK,1386.21
GYMKHANA TREASURE BOOK BOX,3426.83
GYMKHANNA TREASURE BOOK BOX,261.84000000000003
HAIRCLIPS FORTIES FABRIC ASSORTED,1666.21
HALL CABINET WITH 3 DRAWERS,6417.219999999999
HAND OPEN SHAPE BLACK,55.84
HAND OPEN SHAPE DECO.WHITE,2426.2200000000003
HAND OPEN SHAPE GOLD,1886.55
HAND OPEN SHAPE PINK,6.98
HAND OVER THE CHOCOLATE   SIGN ,31138.050000000003
HAND PAINTED HANGING EASTER EGG,9.24
HAND TOWEL PALE BLUE W FLOWERS,532.35
HAND TOWEL PINK FLOWER AND DAISY,347.4
HAND WARMER BABUSHKA DESIGN,11196.53
HAND WARMER BIRD DESIGN,25071.13
HAND WARMER OWL DESIGN,29433.430000000004
HAND WARMER RED LOVE HEART,7660.200000000001
HAND WARMER RED POLKA DOT,5101.2
HAND WARMER RED RETROSPOT,16768.02
HAND WARMER SCOTTY DOG DESIGN,25251.360000000004
HAND WARMER UNION JACK,18807.960000000003
HANGING  BUTTERFLY T-LIGHT HOLDER,1541.62
HANGING BAUBLE T-LIGHT HOLDER LARGE,691.75
HANGING BAUBLE T-LIGHT HOLDER SMALL,1457.55
HANGING BUTTERFLY  EGG,912.29
HANGING CHICK  YELLOW DECORATION,1531.6
HANGING CHICK CREAM DECORATION,1806.6999999999998
HANGING CHICK GREEN DECORATION,1191.8999999999999
HANGING CLEAR MINI BOTTLE,1012.0200000000001
HANGING ENGRAVED METAL HEART,1149.5500000000002
HANGING FAIRY CAKE DECORATION,3564.9
"HANGING FLOWERS+MIRROR,BLUE",200.26000000000002
"HANGING FLOWERS+MIRROR,CLEAR",117.05
"HANGING FLOWERS+MIRROR,PINK",136.44
HANGING GLASS ETCHED TEALIGHT,2180.7
HANGING HEART BASKET,265.14
HANGING HEART BONHEUR,499.22999999999996
HANGING HEART JAR T-LIGHT HOLDER,22321.06
HANGING HEART MIRROR DECORATION ,1760.45
HANGING HEART WITH BELL,1907.83
HANGING HEART ZINC T-LIGHT HOLDER,20113.02
HANGING HEN ON NEST DECORATION,1311.7499999999998
HANGING JAM JAR T-LIGHT HOLDER,23239.43
HANGING JAM JAR T-LIGHT HOLDERS,1867.33
HANGING MEDINA LANTERN LARGE,2218.25
HANGING MEDINA LANTERN SMALL,2457.9
HANGING METAL BIRD BATH,2685.45
HANGING METAL CHICKEN DECORATION,157.5
HANGING METAL HEART LANTERN,11782.149999999998
HANGING METAL RABBIT DECORATION,566.25
HANGING METAL STAR LANTERN,6917.529999999999
HANGING MINI COLOURED BOTTLES,2000.2200000000003
HANGING PHOTO CLIP ROPE LADDER,2585.83
HANGING QUILTED PATCHWORK APPLES,1003.17
HANGING RIDGE GLASS T-LIGHT HOLDER,2034.84
HANGING SPRING FLOWER EGG LARGE,1401.59
HANGING SPRING FLOWER EGG SMALL,783.8000000000001
HANGING SPRING FLOWER HEART SMALL,1.9500000000000002
HANGING WOOD AND FELT BUTTERFLY ,455.34
HANGING WOOD AND FELT FLOWER,365.64
HANGING WOOD AND FELT HEART,314.82
HAPPY ANNIVERSARY CANDLE LETTERS,69.17999999999999
HAPPY BIRTHDAY CARD STRIPEY TEDDY,5.32
HAPPY BIRTHDAY CARD TEDDY/CAKE,1.9
HAPPY BIRTHDAY GINGER CAT CARD,0.38
HAPPY EASTER HANGING DECORATION,2340.66
HAPPY STENCIL CRAFT,6842.650000000001
HARDMAN MUG 3 ASSORTED,24.96
HAWAIIAN GRASS SKIRT ,926.71
HEADS AND TAILS SPORTING FUN,3941.85
HEART BEADED TRELLIS DECORATION,507.52000000000004
HEART BUTTONS JEWELLERY BOX,313.65000000000003
HEART CALCULATOR,2560.28
HEART DECORATION PAINTED ZINC ,4935.400000000001
HEART DECORATION RUSTIC HANGING ,1607.9900000000002
HEART DECORATION WITH PEARLS ,4956.67
HEART EAR MUFF HEADPHONES,663.75
HEART FILIGREE DOVE  SMALL,20234.1
HEART FILIGREE DOVE LARGE,13717.019999999999
HEART GARLAND RUSTIC PADDED,2706.55
HEART IVORY TRELLIS LARGE,15630.579999999998
HEART IVORY TRELLIS SMALL,16140.34
HEART MEASURING SPOONS LARGE,138.59999999999997
HEART MEASURING SPOONS SMALL,10.2
HEART MINI PORTRAIT FRAME,990.9
HEART MIRROR ANTIQUE WHITE,2269.14
HEART OF WICKER LARGE,52157.68
HEART OF WICKER SMALL,45020.95
HEART SHAPE BUTTON FRAME ,150.0
HEART SHAPE WIRELESS DOORBELL,1576.38
HEART SHAPED HOLLY WREATH,3933.1800000000003
HEART SHAPED MIRROR,3083.32
HEART STRING MEMO HOLDER HANGING,1598.69
HEART T-LIGHT HOLDER,1127.89
HEART T-LIGHT HOLDER ,953.15
HEART T-LIGHT HOLDER WILLIE WINKIE,1533.84
HEART TRELLIS TRIPLE T-LIGHT HOLDER,331.42
HEART TRELLISTRIPLE T-LIGHT HOLDER,152.24
HEART WOODEN CHRISTMAS DECORATION,4208.42
HEART WREATH DECORATION WITH BELL,2567.63
HEARTS  STICKERS,1714.3799999999999
HEARTS GIFT TAPE,528.88
HEARTS PENCIL/RUBBER+5 MINI PENCILS,70.98
HEARTS WRAPPING TAPE ,229.36
HEAVENS SCENT FRAGRANCE OILS ASSTD,299.34999999999997
HELLO SAILOR BATHROOM SET,678.8000000000001
HELLO SAILOR BLUE SOAP HOLDER,724.4399999999999
HEN & 2 CHICKS IN BASKET,55.24999999999999
HEN HOUSE DECORATION,3734.5499999999997
HEN HOUSE W CHICK IN NEST,47.04
HEN HOUSE W CHICK STANDING,123.36
HEN HOUSE W FAMILY IN BARN & NEST,56.61
HEN HOUSE WITH CHICK STANDING,5.88
HEN PARTY BANNER TAPE,15.0
HEN PARTY CORDON BARRIER TAPE,241.25
HENRIETTA HEN MUG ,483.44999999999993
HERB MARKER BASIL,2053.65
HERB MARKER CHIVES ,1103.4
HERB MARKER MINT,1117.0500000000002
HERB MARKER PARSLEY,1177.0
HERB MARKER ROSEMARY,1249.65
HERB MARKER THYME,1222.3500000000001
HEXAGONAL CRYSTAL PERFUME BOTTLE,1.95
HI TEC ALPINE HAND WARMER,1157.79
HILDA CANDY SPOT RABBIT,536.25
HIPPY CHIC DECORATIVE PARASOL,1412.1000000000001
HOLIDAY FUN LUDO,6951.5
HOLLY TOP CHRISTMAS STOCKING,556.27
HOLLYHOCK SQUARE HANDY TIN,1.25
HOME BUILDING BLOCK WORD,43837.76
HOME GARLAND PAINTED ZINC ,2070.45
HOME SMALL WOOD LETTERS,4662.900000000001
HOME SWEEET HOME 3 PEG HANGER ,93.75
HOME SWEET HOME  BLACKBOARD,19.049999999999997
HOME SWEET HOME 2 DRAWER CABINET,1137.95
HOME SWEET HOME 3 PEG HANGER ,937.9200000000001
HOME SWEET HOME BLACKBOARD,4108.58
HOME SWEET HOME BOTTLE ,897.12
HOME SWEET HOME CUSHION COVER ,2883.75
HOME SWEET HOME HANGING HEART,1546.4299999999998
HOME SWEET HOME HOOK,405.59999999999997
HOME SWEET HOME KEY HOLDER,2154.79
HOME SWEET HOME METAL SIGN ,16103.84
HOME SWEET HOME MUG,15564.11
HOMEMADE JAM SCENTED CANDLES,21020.8
"HOOK, 1 HANGER ,MAGIC GARDEN",3631.5499999999997
"HOOK, 3 HANGER ,MAGIC GARDEN",3560.5499999999997
"HOOK, 5 HANGER , MAGIC TOADSTOOL",4589.249999999999
"HOOK, 5 HANGER ,MAGIC TOADSTOOL RED",4725.45
HORSE & PONY WALL ART,797.3100000000001
HOT BATHS METAL SIGN,23390.22
HOT BATHS SOAP HOLDER,2511.82
HOT STUFF HOT WATER BOTTLE,1689.9
HOT WATER BOTTLE BABUSHKA ,15758.900000000001
HOT WATER BOTTLE BABUSHKA LARGE,618.0
HOT WATER BOTTLE I AM SO POORLY,22266.63
HOT WATER BOTTLE KEEP CALM,24426.300000000003
HOT WATER BOTTLE SEX BOMB,1843.5500000000002
HOT WATER BOTTLE TEA AND SYMPATHY,36269.270000000004
HOUSE SHAPE PENCIL SHARPENER,371.01
HOUSE WRECKING METAL SIGN ,1166.7
HYACINTH BULB T-LIGHT CANDLES,1775.8799999999999
High Resolution Image,27.0
I CAN ONLY PLEASE ONE PERSON MUG,7472.31
I LOVE LONDON BABY GIFT SET,3262.5499999999997
I LOVE LONDON BEAKER,999.75
I LOVE LONDON WALL ART,59.400000000000006
I'M ON HOLIDAY METAL SIGN,10504.150000000001
ICE CREAM BUBBLES,2147.6099999999997
ICE CREAM DESIGN GARDEN PARASOL,1963.35
ICE CREAM PEN LIP GLOSS ,8077.31
ICE CREAM SUNDAE LIP GLOSS,9668.16
"ICON ALARM CLOCK,FUSCHIA  PIN UP",58.64999999999999
ICON MUG REVOLUTIONARY,283.71
ICON PLACEMAT POP ART ELVIS,144.3
IF YOU CAN'T STAND THE HEAT MUG,2276.75
ILLUSTRATED CAT BOWL ,4568.91
INCENSE BAZAAR CANNABIS,84.84
INCENSE BAZAAR PEACH,2.52
INFLATABLE POLITICAL GLOBE ,6761.5199999999995
INLAID WOOD INCENSE HOLDER,813.0899999999999
IVORY CAFE HANGING LAMP ,1330.5
IVORY CHANDELIER T-LIGHT HOLDER,1292.97
IVORY DINER WALL CLOCK,13577.900000000001
IVORY EMBROIDERED QUILT ,2603.3
IVORY ENCHANTED FOREST PLACEMAT,2822.45
IVORY FELT EASTER RABBIT GARLAND,168.29999999999998
IVORY GIANT GARDEN THERMOMETER,4223.6
IVORY GOLD METAL BAG CHARM,104.07
IVORY HANGING BIRD PLANTER ,621.5999999999999
IVORY HANGING DECORATION  BIRD,1829.4799999999998
IVORY HANGING DECORATION  BUTTERFLY,1471.9099999999999
IVORY HANGING DECORATION  CHICKEN,247.35
IVORY HANGING DECORATION  EGG,621.65
IVORY HANGING DECORATION  HEART,8456.33
IVORY HANGING DECORATION  RABBIT,21.25
IVORY KITCHEN SCALES,24946.68
IVORY KNITTED MUG COSY ,1527.09
IVORY LOVE BIRD CANDLE,1037.82
IVORY PANTRY HANGING LAMP ,25.0
IVORY PAPER CUP CAKE CASES ,1545.44
IVORY PENDANT TRIPLE SHELL NECKLACE,29.700000000000003
IVORY PILLAR CANDLE GOLD FLOCK,1873.5
IVORY PILLAR CANDLE SILVER FLOCK,2331.34
IVORY REFECTORY CLOCK,1894.7
IVORY RETRO KITCHEN WALL CLOCK,559.5
IVORY ROSE LAMPSHADE ,44.25
IVORY SCULPTED RND CANDLE ,78.19999999999999
IVORY SHELL HEART EARRINGS,12.75
IVORY SHELL HEART NECKLACE,253.17
IVORY STRING CURTAIN WITH POLE ,1250.95
IVORY SWEETHEART SOAP DISH,346.11
IVORY SWEETHEART WIRE LETTER RACK ,2013.51
IVORY WALL CLOCK,459.0
IVORY WICKER HEART LARGE,3283.7999999999997
IVORY WICKER HEART MEDIUM,2524.9
IVORY WICKER HEART SMALL,1345.5
IVORY WIRE KITCHEN ORGANISER,1137.65
IVORY WIRE SWEETHEART LETTER TRAY,467.05
IVY HEART WREATH,3247.0
JACOBS LADDER SMALL,123.84
JADE CRYSTAL+GLASS BRACELET,168.3
JADE DROP EARRINGS W FILIGREE,287.1
JADE GREEN ENAMEL HAIR COMB,70.2
JADE GREEN PAIR ENAMEL HAIR SLIDES,3.75
JAM CLOCK MAGNET,845.5
JAM JAR WITH BLUE LID,18.98
JAM JAR WITH GREEN LID,2935.61
JAM JAR WITH PINK LID,3503.31
JAM MAKING SET PRINTED,23416.449999999997
JAM MAKING SET WITH JARS,34851.72
JAPANESE CROCHETED ANIMAL,2056.38
JARDIN DE FEMME SCENTED CANDLE,392.0
JARDIN ETCHED GLASS BUTTER DISH,485.9
JARDIN ETCHED GLASS CANDLEHLDR LONG,301.95
JARDIN ETCHED GLASS CHEESE DISH,579.35
JARDIN ETCHED GLASS FRUITBOWL,1336.95
JARDIN ETCHED GLASS GINGER JAR,429.3
JARDIN ETCHED GLASS LARGE BELL JAR,813.0
JARDIN ETCHED GLASS SMALL BELL JAR,564.25
JASMINE TEA INCENSE IN TIN,294.3
JASMINE VOTIVE CANDLE,732.0799999999999
JAZZ HEARTS ADDRESS BOOK,1573.65
JAZZ HEARTS MAGNETIC MEMO PAD,850.9000000000001
JAZZ HEARTS MEMO PAD,1305.49
JAZZ HEARTS PURSE NOTEBOOK,3126.5
JAZZ HEARTS SPIRAL NOTEPAD,39.949999999999996
JELLY BABIES YELLOW SMALL BOWL,420.14
JET BLACK LAS VEGAS BRACELET ROUND,71.25
JET BLACK LAS VEGAS NECKLACE 45CM,107.1
"JEWELLED DECORATION,BLUE",57.0
"JEWELLED DECORATION,PINK",5.9
JIGSAW RABBIT AND BIRDHOUSE,1082.8899999999999
JIGSAW TOADSTOOLS 3 PIECE,1120.6299999999999
JIGSAW TREE WITH BIRDHOUSE,2387.5699999999997
JIGSAW TREE WITH WATERING CAN,732.16
JINGLE BELL HEART ANTIQUE GOLD,1610.27
JINGLE BELL HEART ANTIQUE SILVER,6962.04
JINGLE BELL HEART DECORATION,6069.15
JINGLE BELLS TREE DECORATION,578.0400000000001
JOY LARGE WOOD LETTERS,2661.2
JOY WOODEN BLOCK LETTERS,3561.3300000000004
JUMBO  BAG BAROQUE BLACK WHITE,53168.340000000004
JUMBO BAG 50'S CHRISTMAS ,17679.72
JUMBO BAG ALPHABET,24175.0
JUMBO BAG APPLES,26451.260000000002
JUMBO BAG CHARLIE AND LOLA TOYS,6574.9
JUMBO BAG DOILEY PATTERNS,16741.260000000002
JUMBO BAG DOLLY GIRL DESIGN,10249.81
JUMBO BAG OWLS,35822.62
JUMBO BAG PAISLEY PARK,8529.24
JUMBO BAG PEARS,13043.24
JUMBO BAG PINK POLKADOT,43967.14
JUMBO BAG PINK VINTAGE PAISLEY,43883.88
JUMBO BAG PINK WITH WHITE SPOTS,24472.05
JUMBO BAG RED RETROSPOT,136980.08
JUMBO BAG RED WHITE SPOTTY ,24345.3
JUMBO BAG SCANDINAVIAN BLUE PAISLEY,14632.970000000001
JUMBO BAG SCANDINAVIAN PAISLEY,27707.95
JUMBO BAG SPACEBOY DESIGN,30096.57
JUMBO BAG STRAWBERRY,64601.65
JUMBO BAG TOYS ,20532.63
JUMBO BAG VINTAGE CHRISTMAS ,9748.34
JUMBO BAG VINTAGE DOILEY ,268.44
JUMBO BAG VINTAGE DOILY ,20674.68
JUMBO BAG VINTAGE LEAF,20963.93
JUMBO BAG WOODLAND ANIMALS,29504.5
JUMBO SHOPPER VINTAGE RED PAISLEY,45784.63
JUMBO STORAGE BAG SKULLS,23232.89
JUMBO STORAGE BAG SUKI,48255.8
JUNGLE POPSICLES ICE LOLLY HOLDERS,1793.15
JUNGLE POPSICLES ICE LOLLY MOULDS,1041.16
KASBAH LANTERN WITH GLASS ,250.8
KASHMIR FOLKART HEART DISHES,5.07
KASHMIR FOLKART TUMBLERS,4829.92
KEEP CALM BIRTHDAY WRAP,21.0
KEEP CALM WALL ART ,2015.97
KEEP OUT BOYS DOOR HANGER ,1643.07
KEEP OUT GIRLS DOOR HANGER ,486.68
KENSINGTON COFFEE SET,3422.25
KEY CABINET MA CAMPAGNE,5228.89
"KEY FOB , BACK DOOR ",3922.4700000000003
"KEY FOB , FRONT  DOOR ",3306.34
"KEY FOB , GARAGE DESIGN",3679.0800000000004
"KEY FOB , SHED",5187.240000000001
KEY RING BASEBALL BOOT ASSORTED ,1935.05
KEY RING BASEBALL BOOT UNION JACK,2105.8
KID'S CHALKBOARD/EASEL,14.75
KIDS CUTLERY DOLLY GIRL ,149.4
KIDS CUTLERY SPACEBOY ,149.4
KIDS RAIN MAC BLUE,2583.68
KIDS RAIN MAC PINK,2269.48
KINGS CHOICE BISCUIT TIN,8120.59
KINGS CHOICE CIGAR BOX MATCHES ,4138.78
KINGS CHOICE GIANT TUBE MATCHES,6162.9
KINGS CHOICE MUG,7491.42
KINGS CHOICE SMALL TUBE MATCHES,193.04999999999998
KINGS CHOICE TEA CADDY ,6554.13
KISS REINDEER SCANDINAVIAN STOCKING,12.75
KITCHEN FLOWER POTS WALL PLAQUE,867.25
KITCHEN METAL SIGN,2904.1000000000004
KITTENS DESIGN FLANNEL,811.9499999999999
KITTY PENCIL ERASERS,503.65
KNEELING MAT HOUSEWORK  DESIGN,1993.9099999999999
KNICKERBOCKERGLORY MAGNET ASSORTED ,1679.34
KNITTED MUG COSY IVORY COLOUR ,823.35
KNITTED POM POM HOT WATER BOTTLE,18.75
KNITTED RABBIT DOLL ,59.39999999999999
KNITTED RAINBOW HOT WATER BOTTLE,75.0
KNITTED UNION FLAG HOT WATER BOTTLE,22057.21
L BLUE C/COVER W PINK/YELLOW FLOWER,41.7
LA JARDIN BOTANIQUE CUSHION COVER,303.75
LA PALMIERA METAL SIGN CALENDAR,246.0
LA PALMIERA TILE COASTER,342.89
LA PALMIERA TILE HOOK,195.0
LA PALMIERA WALL THERMOMETER,680.0
LA STREGA CANVAS PICTURE ,122.54999999999998
LADIES & GENTLEMEN METAL SIGN,19220.28
LADLE LOVE HEART PINK,380.52
LADLE LOVE HEART RED ,532.5
LADS ONLY TISSUE BOX,3219.36
LADYBIRD + BEE RAFFIA FOOD COVER,3706.95
LANDMARK FRAME BAKER STREET ,3867.85
LANDMARK FRAME CAMDEN TOWN ,6257.35
LANDMARK FRAME COVENT GARDEN ,4949.55
LANDMARK FRAME LONDON BRIDGE ,4641.7
LANDMARK FRAME NOTTING HILL ,4768.15
LANDMARK FRAME OXFORD STREET,4755.65
LANTERN CREAM GAZEBO ,7145.67
LARGE  TALL CAMPHOR WOOD TOADSTOOL ,727.6
LARGE ANTIQUE WHITE PHOTO FRAME,3584.0600000000004
LARGE APOTHECARY MEASURING JAR ,587.2
LARGE BLACK DIAMANTE HAIRSLIDE,6.6
LARGE BLUE ORIENTAL FOLDING STOOL,317.0
LARGE BLUE PROVENCAL CERAMIC BALL,228.84
LARGE BONNE JAM JAR  T-LIGHT HOLDER,662.0600000000001
LARGE CAKE STAND  HANGING STRAWBERY,17533.95
LARGE CAKE STAND HANGING HEARTS,5313.0199999999995
LARGE CAKE TOWEL CHOCOLATE SPOTS,2084.1
LARGE CAKE TOWEL PINK SPOTS,5487.2
"LARGE CAKE TOWEL, CHOCOLATE SPOTS",1567.95
LARGE CAMPHOR WOOD FIELD MUSHROOM ,376.2
LARGE CERAMIC TOP STORAGE JAR,4624.499999999999
LARGE CHINESE STYLE SCISSOR,1885.15
LARGE CHUNKY GLASS ROMAN BOWL,1104.5
LARGE CIRCULAR MIRROR MOBILE,12203.5
LARGE CRYSTAL DIAMANTE HAIRSLIDE,68.69999999999999
LARGE DECO JEWELLERY STAND,2990.3
LARGE ENGLISH ARBORETUM,1195.15
LARGE FIBRE OPTIC CHRISTMAS TREE,19.08
LARGE GLASS ROSE SCENTED CANDLE ,15.9
LARGE GLASS SUNDAE DISH CLEAR,258.2
LARGE GREEN PEONY FOLDING STOOL,314.35
LARGE HANGING GLASS+ZINC LANTERN,896.0
LARGE HANGING IVORY & RED WOOD BIRD,2150.0800000000004
LARGE HEART FLOWERS HOOK   ,684.11
LARGE HEART MEASURING SPOONS,7548.869999999999
LARGE IVORY HEART WALL ORGANISER,5142.91
LARGE JEWELLERY STAND,125.0
LARGE MEDINA STAMPED METAL BOWL ,2766.21
LARGE MINT DIAMANTE HAIRSLIDE,26.4
LARGE PARLOUR FRAME,122.85
LARGE PARLOUR PICTURE FRAME,380.70000000000005
LARGE PINK GLASS SUNDAE DISH,850.96
LARGE PINK PEONY FOLDING STOOL,309.15000000000003
LARGE POPCORN HOLDER ,9672.5
LARGE PURPLE BABUSHKA NOTEBOOK  ,2338.39
LARGE RED BABUSHKA NOTEBOOK ,2716.23
LARGE RED RETROSPOT WINDMILL,4941.000000000001
LARGE RED SPOT WINDMILL,5390.400000000001
LARGE ROUND CUTGLASS CANDLESTICK,967.35
LARGE ROUND WICKER PLATTER ,2576.35
LARGE SKULL WINDMILL,586.5
LARGE STRAWBERRY CHOCOLATE CANDLE,94.69999999999999
LARGE STRIPES CHOCOLATE GIFT BAG,1360.15
LARGE TAHITI BEACH BAG,1177.45
LARGE TORTILLA DESIGN RED BOWL,653.0999999999999
LARGE TRIFLE DESIGN L BLUE BOWL,405.15
LARGE WHITE HEART OF WICKER,8184.700000000001
LARGE WHITE HONEYCOMB PAPER BELL  ,2395.1
LARGE WHITE/PINK ROSE ART FLOWER,964.4300000000001
LARGE YELLOW BABUSHKA NOTEBOOK ,1244.96
LARGE ZINC GLASS CANDLEHOLDER,127.68
LARGE ZINC HEART WALL ORGANISER,6414.48
LARGE ZINC/GLASS CANDLEHOLDER,48.300000000000004
LASER CUT MULTI STRAND NECKLACE,59.75
LAUNDRY 15C METAL SIGN,7456.69
LAUREL HEART ANTIQUE GOLD,613.51
LAUREL HEART ANTIQUE SILVER,1567.0
LAUREL STAR ANTIQUE GOLD,465.81
LAUREL STAR ANTIQUE SILVER ,504.6
LAVENDER INCENSE 40 CONES IN TIN,220.75
LAVENDER INCENSE IN TIN,1268.53
LAVENDER SCENT CAKE CANDLE,454.09
LAVENDER SCENTED FABRIC HEART,7065.43
LAVENDER SCENTED SET/9 T-LIGHTS,814.0999999999999
LAVENDER TOILETTE BOTTLE,1068.96
LAZER CUT NECKLACE W PASTEL BEADS,430.7
LE GRAND TRAY CHIC SET,1837.5
LE JARDIN BOTANIQUE CUSHION COVER,1970.73
LEAVES MAGNETIC  SHOPPING LIST,34.8
LED TEA LIGHTS,1679.24
LEOPARD PRINT HOT WATER BOTTLE,153.3
LETS GO SHOPPING COTTON TOTE BAG,1356.17
"LETTER ""A"" BLING KEY RING",135.71
"LETTER ""B"" BLING KEY RING",48.48
"LETTER ""C"" BLING KEY RING",118.78999999999999
"LETTER ""D"" BLING KEY RING",58.21
"LETTER ""E"" BLING KEY RING",94.75
"LETTER ""F"" BLING KEY RING",25.02
"LETTER ""G"" BLING KEY RING",62.25
"LETTER ""H"" BLING KEY RING",50.019999999999996
"LETTER ""I"" BLING KEY RING",42.519999999999996
"LETTER ""J"" BLING KEY RING",92.23
"LETTER ""K"" BLING KEY RING",114.75
"LETTER ""L"" BLING KEY RING",107.94
"LETTER ""M"" BLING KEY RING",89.73
"LETTER ""N"" BLING KEY RING",50.019999999999996
"LETTER ""O"" BLING KEY RING",27.23
"LETTER ""P"" BLING KEY RING",48.5
"LETTER ""R"" BLING KEY RING",53.769999999999996
"LETTER ""S"" BLING KEY RING",119.75
"LETTER ""T"" BLING KEY RING",42.23
"LETTER ""U"" BLING KEY RING",4.7299999999999995
"LETTER ""V"" BLING KEY RING",17.23
"LETTER ""W"" BLING KEY RING",5.9799999999999995
"LETTER ""Y"" BLING KEY RING",21.15
"LETTER ""Z"" BLING KEY RING",9.73
LETTER HOLDER HOME SWEET HOME,1984.06
LETTER SHAPE PENCIL SHARPENER,358.18
LIBRARY LAMP,754.1999999999999
LIGHT BIRD HOUSE TREE DECORATION,540.62
LIGHT DECORATION BATTERY OPERATED,65.10000000000001
LIGHT GARLAND BUTTERFILES PINK,6937.88
LIGHT PINK CHERRY LIGHTS,8311.0
LIGHT PINK FLOCK GLASS CANDLEHOLDER,342.83000000000004
LIGHTHOUSE PRINTED METAL SIGN,341.55
LILAC DIAMANTE PEN IN GIFT BOX,766.37
LILAC FEATHERS CURTAIN,11.98
LILAC FLOWER BLOCK TABLE LAMP,188.8
LILAC GAUZE BUTTERFLY LAMPSHADE,28.56
LILAC VOTIVE CANDLE,45.78
LILLIES CANVAS PICTURE,394.84999999999997
LILY BROOCH AMETHYST COLOUR,247.50000000000003
LILY BROOCH OLIVE COLOUR,133.65
LILY BROOCH WHITE/SILVER COLOUR,29.700000000000003
LION SOCK PUPPET,103.25000000000001
LIPSTICK PEN BABY PINK,759.29
LIPSTICK PEN FUSCHIA,1560.08
LIPSTICK PEN RED,2404.2
LITTLE FLOWER SHOPPER BAG,424.0
LITTLE GREEN MONSTER SOFT TOY,99.14999999999999
LITTLE PINK MONSTER SOFT TOY,104.25
LOCAL CAFE MUG,1944.3300000000002
LOLITA  DESIGN  COTTON TOTE BAG,1371.65
LONDON BUS COFFEE MUG,9666.3
LONG SILVER NECKLACE PASTEL FLOWER,331.5
LOO ROLL  METAL SIGN ,530.55
LOUVRE CHALKBOARD,325.6
LOUVRE VANITY MIRROR,653.85
LOVE BUILDING BLOCK WORD,32325.160000000003
LOVE GARLAND PAINTED ZINC ,5274.049999999999
LOVE HEART NAPKIN BOX ,3082.25
LOVE HEART POCKET WARMER,3541.7
LOVE HEART SOCK HANGER,2999.9999999999995
LOVE HEART TRINKET POT,2671.0299999999997
LOVE HOT WATER BOTTLE,13115.400000000001
LOVE LARGE WOOD LETTERS ,6760.2
LOVE POTION MASALA INCENSE,100.59
LOVE SEAT ANTIQUE WHITE METAL,6210.0
LOVEBIRD HANGING DECORATION WHITE ,7128.549999999999
LOVELY BONBON STICKER SHEET,727.74
LUNCH BAG  BLACK SKULL.,40586.2
LUNCH BAG ALPHABET DESIGN,12029.06
LUNCH BAG APPLE DESIGN,18278.25
LUNCH BAG CARS BLUE,37071.43
LUNCH BAG DOILEY PATTERN ,10331.3
LUNCH BAG DOLLY GIRL DESIGN,15489.99
LUNCH BAG PAISLEY PARK  ,5267.75
LUNCH BAG PINK POLKADOT,18565.05
LUNCH BAG PINK POLKADOTS,16.5
LUNCH BAG PINK RETROSPOT,13923.4
LUNCH BAG RED RETROSPOT,32940.4
LUNCH BAG RED SPOTTY,27331.3
LUNCH BAG RED VINTAGE DOILY,2434.2
LUNCH BAG SPACEBOY DESIGN ,30463.35
LUNCH BAG SUKI  DESIGN ,22600.4
LUNCH BAG SUKI DESIGN ,15384.05
LUNCH BAG VINTAGE DOILEY ,115.5
LUNCH BAG VINTAGE DOILY ,10370.76
LUNCH BAG VINTAGE LEAF DESIGN,10006.45
LUNCH BAG WOODLAND,33333.11
LUNCH BOX I LOVE LONDON,28119.82
LUNCH BOX WITH CUTLERY FAIRY CAKES ,3505.7999999999997
LUNCH BOX WITH CUTLERY RETROSPOT ,12875.59
LUNCHBAG PINK RETROSPOT,176.54999999999998
LUNCHBAG SPACEBOY DESIGN ,1022.6
LUNCHBAG SUKI  DESIGN ,648.25
LUNCHBOX I LOVE LONDON,1.95
LUNCHBOX WITH CUTLERY FAIRY CAKES ,3222.9
LUNCHBOX WITH CUTLERY RETROSPOT ,3237.2999999999997
LUSH GREENS RIBBONS,2597.86
M/COLOUR POM-POM CURTAIN,34.0
MA CAMPAGNE 4 DRAWER WALL SHELF,835.55
MA CAMPAGNE CUTLERY BOX,8848.449999999999
MA CAMPAGNE MINI WOODEN CHEST,1097.8000000000002
MADRAS NOTEBOOK LARGE ,855.0
MADRAS NOTEBOOK MEDIUM,969.15
MAGAZINE RACK GEBRA ASSORTED ,960.25
MAGIC DRAWING SLATE BAKE A CAKE ,1763.16
MAGIC DRAWING SLATE BUNNIES ,1594.5
MAGIC DRAWING SLATE CIRCUS PARADE  ,3118.86
MAGIC DRAWING SLATE DINOSAUR,2260.26
MAGIC DRAWING SLATE DOLLY GIRL ,3856.8
MAGIC DRAWING SLATE FIDO,151.2
MAGIC DRAWING SLATE GO TO THE FAIR ,928.8000000000001
MAGIC DRAWING SLATE LEAP FROG ,1064.88
MAGIC DRAWING SLATE PURDEY,3652.44
MAGIC DRAWING SLATE SPACEBOY ,4930.92
MAGIC GARDEN FELT GARLAND ,539.5799999999999
MAGIC GARDEN MOUNT FUJI,392.7
MAGIC SHEEP WOOL GROWING FROM PAPER,2521.85
MAGIC SLATE BAKE A CAKE ,20.16
MAGIC SLATE BUNNIES AT HOME ,120.96000000000001
MAGIC SLATE CIRCUS PARADE  ,80.64
MAGIC SLATE DINOSAUR,60.480000000000004
MAGIC SLATE DOLLY GIRL ,80.64
MAGIC SLATE FIDO,120.96000000000001
MAGIC SLATE GO TO THE FAIR ,40.32
MAGIC SLATE LEAP FROG ,40.32
MAGIC SLATE SPACEBOY ,120.96000000000001
MAGIC TREE -PAPER FLOWERS,1483.25
MAGNETS PACK OF 4 CHILDHOOD MEMORY,4724.84
MAGNETS PACK OF 4 HOME SWEET HOME,2047.54
MAGNETS PACK OF 4 RETRO PHOTO,1364.5
MAGNETS PACK OF 4 SWALLOWS,3688.09
MAGNETS PACK OF 4 VINTAGE COLLAGE,2981.48
MAGNETS PACK OF 4 VINTAGE LABELS ,1063.72
MAKE YOUR OWN FLOWERPOWER CARD KIT,3411.2100000000005
MAKE YOUR OWN MONSOON CARD KIT,3611.2300000000005
MAKE YOUR OWN PLAYTIME CARD KIT,2260.6800000000003
MAN FLU METAL SIGN,6628.9800000000005
MANHATTAN CANVAS ART PICTURE,87.8
MARAKESH LANTERN LARGE,544.5
MARAKESH LANTERN SMALL ,848.35
MARIE ANTOIENETT TRINKET BOX GOLD,12.5
MARIE ANTOINETTE TRINKET BOX GOLD,1217.6
MARIE ANTOINETTE TRINKET BOX SILVER,1099.0
MAXWELL 2 TONE BLUE 60 PAGE PHOTO A,612.85
MAXWELL 2 TONE PINK 60 PAGE PHOTO A,293.0
MEASURING TAPE BABUSHKA BLUE,1831.65
MEASURING TAPE BABUSHKA PINK,2311.55
MEASURING TAPE BABUSHKA RED,2254.75
MEASURING TAPE RUSSIAN DOLL BLUE,300.90000000000003
MEASURING TAPE RUSSIAN DOLL PINK,448.4000000000001
MEASURING TAPE RUSSIAN DOLL RED,1755.05
MEDINA STAMPED METAL STOOL,2336.9
MEDINA STAMPED METAL TRAY ,44.849999999999994
MEDIUM CERAMIC TOP STORAGE JAR,81416.73000000001
MEDIUM CHINESE STYLE SCISSOR,711.88
MEDIUM MEDINA STAMPED METAL BOWL ,2681.4500000000003
MEDIUM PARLOUR FRAME ,84.1
MEDIUM PARLOUR PICTURE FRAME ,550.0
MEDIUM PINK BUDDHA HEAD ,274.35
MEDIUM WHITE/PINK ROSE ART FLOWER,355.53000000000003
MEMO BOARD COTTAGE DESIGN,16812.74
MEMO BOARD RETROSPOT  DESIGN,23985.32
METAL 4 HOOK HANGER FRENCH CHATEAU,13158.84
METAL BASE FOR CANDLES,68.52
METAL DECORATION NAUGHTY CHILDREN ,1793.1599999999999
METAL HERB GERDEN CONTAINER,139.68
METAL MEDINA LANTERN ,2696.1
METAL MERRY CHRISTMAS WREATH,5479.8
METAL RABBIT LADDER EASTER ,149.6
METAL SHELF WITH RAIL ,2839.0
METAL SIGN CUPCAKE SINGLE HOOK,752.1
METAL SIGN DROP YOUR PANTS,3192.56
METAL SIGN EMPIRE TEA,4689.68
METAL SIGN HER DINNER IS SERVED ,5060.45
METAL SIGN HIS DINNER IS SERVED,954.19
METAL SIGN NEIGHBOURHOOD WITCH ,4686.3
METAL SIGN TAKE IT OR LEAVE IT ,19045.920000000002
"METAL SIGN,CUPCAKE SINGLE HOOK",1621.8
METAL TUBE CHIME ON BAMBOO,1529.64
METAL WALL SHELF UNIT WITH HOOKS,968.08
METALIC LEAVES BAG CHARMS,168.72
MIDNIGHT BLUE COPPER FLOWER NECKLAC,83.30000000000001
MIDNIGHT BLUE CRYSTAL DROP EARRINGS,5.9
MIDNIGHT BLUE DROP CRYSTAL NECKLACE,23.6
MIDNIGHT BLUE GLASS/SILVER BRACELET,271.0
MIDNIGHT BLUE PAIR HEART HAIR SLIDE,93.75
MIDNIGHT BLUE VINTAGE EARRINGS,153.75
MIDNIGHT GLAMOUR SCARF KNITTING KIT,803.02
MILK BOTTLE WITH GLASS STOPPER ,1632.0
MILK MAIDS MUG ,336.59999999999997
MILK PAN BLUE POLKADOT,407.5
MILK PAN BLUE RETROSPOT,1035.66
MILK PAN PINK POLKADOT,1059.63
MILK PAN PINK RETROSPOT,2396.9700000000003
MILK PAN RED RETROSPOT,4424.14
MINATURE COLOURED GARDENING SET,3336.65
MINI  ZINC GARDEN DECORATIONS ,673.06
MINI CAKE STAND  HANGING STRAWBERY,6764.23
MINI CAKE STAND HANGING HEARTS,523.35
MINI CAKE STAND T-LIGHT HOLDER,839.64
MINI CAKE STAND WITH HANGING CAKES,4837.15
MINI FUNKY DESIGN TAPES,1601.8
MINI HAND WARMER BABUSHKA DESIGN,214.8
MINI HIGHLIGHTER PENS,1530.12
MINI JIGSAW BAKE A CAKE ,1263.67
MINI JIGSAW BUNNIES,1168.41
MINI JIGSAW BUNNIES AT HOME,181.44
MINI JIGSAW CIRCUS PARADE ,2387.46
MINI JIGSAW DINOSAUR ,776.79
MINI JIGSAW DOLLY GIRL,2182.49
MINI JIGSAW FIDO,282.24
MINI JIGSAW GO TO THE FAIR,581.16
MINI JIGSAW LEAP FROG,471.98
MINI JIGSAW PURDEY,1426.45
MINI JIGSAW SPACEBOY,3677.06
MINI LADLE LOVE HEART PINK,106.98
MINI LADLE LOVE HEART RED ,252.66
MINI LIGHTS WOODLAND MUSHROOMS,6126.09
MINI PAINT SET VINTAGE ,27120.49
MINI PAINT SET VINTAGE  BOY+ GIRL,714.6
MINI PAINTED GARDEN DECORATION ,1022.0699999999999
MINI PLAYING CARDS BUFFALO BILL ,1129.02
MINI PLAYING CARDS DOLLY GIRL ,1014.72
MINI PLAYING CARDS FUN FAIR ,434.46000000000004
MINI PLAYING CARDS GYMKHANA,902.16
MINI PLAYING CARDS SPACEBOY ,1116.36
MINI WOODEN HAPPY BIRTHDAY GARLAND,7916.79
MINIATURE ANTIQUE ROSE HOOK IVORY,1715.6999999999998
MINITURE ANTIQUE ROSE HOOK IVORY,40.8
MINT DINER CLOCK,17.0
MINT DINER WALL CLOCK,3051.5
MINT GREEN ROSE TOWEL,502.20000000000005
MINT KITCHEN SCALES,12525.99
MIRROR CORNICE,1507.3
MIRROR LOVE BIRD T-LIGHT HOLDER,654.15
MIRROR MOSAIC CANDLE PLATE,694.26
MIRROR MOSAIC GOBLET CANDLE HOLDER,937.25
MIRROR MOSAIC HURRICANE LAMP ,1171.85
MIRROR MOSAIC T-LIGHT HOLDER ,1039.35
MIRROR MOSAIC T-LIGHT HOLDER ROUND,1398.24
MIRROR MOSAIC VOTIVE HOLDER,1044.1200000000001
"MIRROR, ARCHED GEORGIAN",3884.0000000000005
MIRRORED DISCO BALL ,7195.8
MIRRORED DOVE WALL DECORATION,539.63
MIRRORED WALL ART FOXY,188.05
MIRRORED WALL ART GENTS,207.95999999999998
MIRRORED WALL ART LADIES,175.05
MIRRORED WALL ART PHOTO FRAMES,615.0
MIRRORED WALL ART POPPIES,389.4
MIRRORED WALL ART SKULLS,715.0
MIRRORED WALL ART SNOWFLAKES,528.15
MIRRORED WALL ART SPLODGES,195.0
MIRRORED WALL ART STARS,579.3000000000001
MIRRORED WALL ART TABLE LAMP,193.23000000000002
MISELTOE HEART WREATH ,312.8
MISELTOE HEART WREATH CREAM,996.0000000000001
MISELTOE HEART WREATH WHITE,304.5
MISTLETOE HEART WREATH CREAM,2336.28
MISTLETOE HEART WREATH GREEN,3435.6200000000003
MIXED NUTS LIGHT GREEN BOWL,466.53000000000003
MOBILE VINTAGE HEARTS ,2147.25
MOCK LOBSTER FRIDGE MAGNET,270.89
MODERN CHRISTMAS BAUBLE CANDLE ,4.2
MODERN CHRISTMAS TREE CANDLE,7.6000000000000005
MODERN CHRISTMAS TREE CANDLE ,4.2
MODERN FLORAL STATIONERY SET,2861.2000000000003
MODERN VINTAGE COTTON SHOPPING BAG,1013.9999999999999
MONEY BOX BISCUITS DESIGN,2152.8999999999996
MONEY BOX CONFECTIONERY DESIGN,743.85
MONEY BOX FIRST ADE DESIGN,463.01
MONEY BOX FIRST AID DESIGN,34.32
MONEY BOX HOUSEKEEPING DESIGN,1556.48
MONEY BOX KINGS CHOICE DESIGN,2986.53
MONEY BOX POCKET MONEY DESIGN,1891.55
MONSTERS STENCIL CRAFT,4644.29
MONTANA DIAMOND CLUSTER EARRINGS,15.299999999999999
MONTANA DIAMOND CLUSTER NECKLACE,35.8
MOODY BOY  DOOR HANGER ,1324.23
MOODY GIRL DOOR HANGER ,1640.9099999999999
MOON INCENSE,10.5
MOP PENDANT SHELL NECKLACE,49.5
MORE BUTTER METAL SIGN ,1996.75
MOROCCAN BEATEN METAL DISH,707.8000000000001
MOROCCAN BEATEN METAL DISH LARGE,793.74
MOROCCAN BEATEN METAL MIRROR,1442.9
MOROCCAN TEA GLASS,8633.81
MOSAIC CANDLE DISH BLUE PURPLE,122.39999999999999
MOSAIC GLASS BALL CANDLEHOLDER,121.25
MOTHER'S KITCHEN SPOON REST ,690.71
MOTORING TISSUE BOX,1385.16
MOUSE TOY WITH PINK T-SHIRT,3315.05
MOUSEY LONG LEGS SOFT TOY,524.6999999999999
MR ROBOT SOFT TOY,1200.95
MRS ROBOT SOFT TOY,972.5500000000001
MUG AND COASTER SET RED CIRCLES,158.76
MUG PINK AND PURPLE ARABIC DESIGN,3.9000000000000004
MULTI COLOUR SILVER T-LIGHT HOLDER,17616.12
MULTI HEARTS  STICKERS,899.05
MULTICOLOUR  CONFETTI IN TUBE,623.0099999999999
MULTICOLOUR 3D BALLS GARLAND,1485.6
MULTICOLOUR CRUSOE CHECK LAMPSHADE,20.16
MULTICOLOUR DOTS PLATE,71.80000000000001
MULTICOLOUR EASTER RABBIT ,101.39999999999999
MULTICOLOUR FEATHERS CURTAIN,236.40000000000003
MULTICOLOUR GLASS PLATE,63.800000000000004
MULTICOLOUR HONEYCOMB FAN,1018.17
MULTICOLOUR HONEYCOMB PAPER GARLAND,1724.35
MULTICOLOUR POLKADOT PLATE,78.60000000000001
MULTICOLOUR RABBIT EGG WARMER,311.75
MULTICOLOUR SPRING FLOWER MUG,2547.81
MUM'S KITCHEN CLOCK,471.90000000000003
MUMMY MOUSE RED GINGHAM RIBBON,1074.45
MURANO STYLE GLASS BRACELET BLACK,161.0
MURANO STYLE GLASS BRACELET GOLD,101.5
MURANO STYLE GLASS BRACELET PINK,91.0
MURANO STYLE GLASS BRACELET RED,80.5
MUSHROOM BLUE HOT WATER BOTTLE,1901.5500000000002
MUSICAL ZINC HEART DECORATION ,943.93
Manual,152340.57
N0 SINGING METAL SIGN,2523.78
NAMASTE SWAGAT INCENSE,1161.24
NATURAL BARK CANDLE LARGE,1424.5
NATURAL BARK CANDLE SMALL,1578.0
NATURAL HANGING QUILTED HEARTS ,1117.28
NATURAL RIVIERA HANDBAG,116.7
NATURAL SLATE CHALKBOARD LARGE ,17795.56
NATURAL SLATE HEART CHALKBOARD ,41203.920000000006
NATURAL SLATE RECTANGLE CHALKBOARD,10356.56
NECKLACE+BRACELET PINK BUTTERFLY,155.54999999999998
NECKLACE+BRACELET SET BLUE BLOSSOM,79.05
NECKLACE+BRACELET SET BLUE HIBISCUS,73.94999999999999
NECKLACE+BRACELET SET FRUIT SALAD ,91.8
NECKLACE+BRACELET SET PINK BLOSSOM,17.849999999999998
NECKLACE+BRACELET SET PINK DAISY,56.099999999999994
NEW BAROQUE B'FLY NECKLACE BLACK,42.5
NEW BAROQUE B'FLY NECKLACE CRYSTAL,25.5
NEW BAROQUE B'FLY NECKLACE GREEN,51.0
NEW BAROQUE B'FLY NECKLACE MONTANA,102.0
NEW BAROQUE B'FLY NECKLACE PINK,110.5
NEW BAROQUE B'FLY NECKLACE RED,85.0
NEW BAROQUE BLACK BOXES,63.75
NEW BAROQUE BLACK PHOTO ALBUM,481.05
NEW BAROQUE IVORY CUSHION COVER ,607.7
NEW BAROQUE JEWELLERY BOX ,717.3000000000001
NEW BAROQUE LARGE NECKLACE BLK/WHIT,85.0
NEW BAROQUE SMALL NECKLACE BLACK,178.5
NEW BAROQUE WALL MIRROR,12.75
NEW ENGLAND CERAMIC CAKE SERVER,229.5
NEW ENGLAND EGG WARMER,66.0
NEW ENGLAND MILK JUG W GIFT BOX,178.5
NEW ENGLAND MUG W GIFT BOX,79.05
NEW ENGLAND PLACEMATS,120.0
NEW ENGLAND TEATOWELS,316.2
NEWSPAPER STAND,3467.67
NIGHTINGALE COATHOOK WHITE,500.04999999999995
NINJA RABBIT BLACK,297.64
NINJA RABBIT PINK,344.3
NO JUNK MAIL METAL SIGN,3082.96
NO SINGING METAL SIGN,22510.56
NOEL GARLAND PAINTED ZINC ,1052.28
NOEL WOODEN BLOCK LETTERS ,8640.640000000001
NOVELTY BISCUITS CAKE STAND 3 TIER,7515.219999999999
NUMBER TILE COTTAGE GARDEN 0 ,109.2
NUMBER TILE COTTAGE GARDEN 1,136.5
NUMBER TILE COTTAGE GARDEN 2,136.5
NUMBER TILE COTTAGE GARDEN 3 ,101.39999999999999
NUMBER TILE COTTAGE GARDEN 4,115.05
NUMBER TILE COTTAGE GARDEN 5,97.5
NUMBER TILE COTTAGE GARDEN 6,113.1
NUMBER TILE COTTAGE GARDEN 7,105.3
NUMBER TILE COTTAGE GARDEN 8,103.35
NUMBER TILE COTTAGE GARDEN 9,117.0
NUMBER TILE COTTAGE GARDEN No,115.50000000000001
"NUMBER TILE COTTAGE GARDEN, 0 ",109.19999999999999
"NUMBER TILE COTTAGE GARDEN, 1",122.85
"NUMBER TILE COTTAGE GARDEN, 2",109.19999999999999
"NUMBER TILE COTTAGE GARDEN, 3 ",109.19999999999999
"NUMBER TILE COTTAGE GARDEN, 4",109.19999999999999
"NUMBER TILE COTTAGE GARDEN, 5",111.14999999999999
"NUMBER TILE COTTAGE GARDEN, 6",109.19999999999999
"NUMBER TILE COTTAGE GARDEN, 7",109.19999999999999
"NUMBER TILE COTTAGE GARDEN, 8",109.19999999999999
"NUMBER TILE COTTAGE GARDEN, 9",113.1
"NUMBER TILE COTTAGE GARDEN, No",90.3
NUMBER TILE VINTAGE FONT 0,71.29
NUMBER TILE VINTAGE FONT 1,94.69
NUMBER TILE VINTAGE FONT 2,106.39
NUMBER TILE VINTAGE FONT 3,125.89
NUMBER TILE VINTAGE FONT 4,100.53999999999999
NUMBER TILE VINTAGE FONT 5,100.53999999999999
NUMBER TILE VINTAGE FONT 6 ,114.19
NUMBER TILE VINTAGE FONT 7,92.74
NUMBER TILE VINTAGE FONT 8,84.94
NUMBER TILE VINTAGE FONT 9 ,77.14
NUMBER TILE VINTAGE FONT No ,168.78
"NUMBER TILE VINTAGE FONT, 0",17.36
"NUMBER TILE VINTAGE FONT, 1",17.36
"NUMBER TILE VINTAGE FONT, 2",17.36
"NUMBER TILE VINTAGE FONT, 3",17.36
"NUMBER TILE VINTAGE FONT, 4",17.36
"NUMBER TILE VINTAGE FONT, 5",17.36
"NUMBER TILE VINTAGE FONT, 6 ",17.36
"NUMBER TILE VINTAGE FONT, 7",17.36
"NUMBER TILE VINTAGE FONT, 8",17.36
"NUMBER TILE VINTAGE FONT, No ",48.6
NURSE'S BAG SOFT TOY,3210.95
"NURSERY A,B,C PAINTED LETTERS",2304.4
Next Day Carriage,1200.0
OCCASIONS GIFT CARD ASSORTMENT,66.0
OCEAN SCENT CANDLE IN JEWELLED BOX,3990.38
OCEAN SCENT CANDLE JEWELLED DRAWER,382.5
OCEAN STRIPE HAMMOCK ,2253.3
OFFICE MUG WARMER BLACK+SILVER ,5630.05
OFFICE MUG WARMER CHOC+BLUE,3427.6400000000003
OFFICE MUG WARMER PINK,3008.69
OFFICE MUG WARMER POLKADOT,3310.6900000000005
OLD DOC RUSSEL METAL SIGN,443.1
OLD DOC.RUSSEL METAL SIGN,18.900000000000002
OLD ROSE COMBO BEAD NECKLACE,35.400000000000006
OLIVE CHALET BIRDFEEDER,685.0
OPAL WHITE/SILVER FLOWER NECKLACE,5.95
OPEN CLOSED METAL SIGN,13951.560000000001
OPIUM SCENTED VOTIVE CANDLE,497.03999999999996
OPULENT VELVET CANDLE IN BOX,41.4
OPULENT VELVET SET/3 CANDLES,1719.6000000000001
ORANGE CANDLE,10.2
ORANGE COCKTAIL GLASS LAMP,128.10000000000002
ORANGE FELT VASE + FLOWERS,12.5
ORANGE FLOWER MUG ,571.7099999999999
ORANGE PENDANT TRIPLE SHELL NECKLAC,34.650000000000006
ORANGE SCENTED SET/9 T-LIGHTS,1184.4499999999998
ORANGE TV TRAY TABLE ,1061.15
ORANGE VOTIVE CANDLE,439.67999999999995
ORANGE/FUSCHIA STONES NECKLACE,44.550000000000004
ORANGE/WHT/FUSCHIA STONES NECKLACE,29.700000000000003
ORGANISER WOOD ANTIQUE WHITE ,5451.3
"ORGANISER WOOD, ANTIQUE WHITE ",25.5
ORIENTAL BLUE C/COVER ,41.85
ORIENTAL BLUE CUSHION COVER ,299.7
ORIENTAL RED C/COVER ,88.2
ORIENTAL RED CUSHION COVER ,239.8
ORIGAMI JASMINE INCENSE IN TUBE,217.6
ORIGAMI JASMINE INCENSE+FLOWER ,11.100000000000001
ORIGAMI JASMINE INCENSE/CANDLE SET,590.8499999999999
ORIGAMI LAVENDER INCENSE CONES,40.32
ORIGAMI LAVENDER INCENSE IN TUBE,89.46000000000001
ORIGAMI LAVENDER INCENSE+FLOWER,217.1
ORIGAMI LAVENDER INCENSE/CANDL SET ,749.8
ORIGAMI OPIUM INCENSE CONES,33.3
ORIGAMI OPIUM INCENSE/CANDLE SET ,248.39999999999998
ORIGAMI OPIUM SCENT INCENSE+FLOWER,80.60000000000001
ORIGAMI ROSE INCENSE CONES,194.28
ORIGAMI ROSE INCENSE IN TUBE,515.46
ORIGAMI ROSE INCENSE+FLOWER,129.3
ORIGAMI ROSE INCENSE/CANDLE SET ,430.09999999999997
ORIGAMI SANDLEWOOD INCENSE CONES,23.699999999999996
ORIGAMI SANDLEWOOD INCENSE IN TUBE,25.05
ORIGAMI SANDLEWOOD INCENSE+FLOWER,315.15000000000003
ORIGAMI SANDLEWOOD INCENSE/CAND SET,451.45
ORIGAMI VANILLA INCENSE CONES,111.81
ORIGAMI VANILLA INCENSE+FLOWER ,150.0
ORIGAMI VANILLA INCENSE/CANDLE SET ,586.6
ORNATE EDWARDIAN CANDLE HOLDER,47.7
OVAL  MINI PORTRAIT FRAME,627.4499999999999
OVEN MITT APPLE DESIGN,468.65
OVEN MITT APPLES DESIGN,2236.36
OVERNIGHT BAG VINTAGE ROSE PAISLEY,4077.2500000000005
OWL DOORSTOP,4658.64
OWLS CHARLOTTE BAG,0.85
OYSTER TRINKET BOX,302.12
PACK 20 DOLLY PEGS,2042.35
PACK 20 ENGLISH ROSE PAPER NAPKINS,5155.389999999999
PACK 3 BOXES BIRD PANETTONE ,340.33
PACK 3 BOXES BIRD PANNETONE ,6889.999999999999
PACK 3 BOXES CHRISTMAS PANETTONE,95.67
PACK 3 BOXES CHRISTMAS PANNETONE,8327.9
PACK 3 FIRE ENGINE/CAR PATCHES,546.25
PACK 3 IRON ON DOG PATCHES,578.71
PACK 4 FLOWER/BUTTERFLY PATCHES,438.75
PACK 6 HEART/ICE-CREAM PATCHES,1043.67
PACK OF 12 50'S CHRISTMAS TISSUES,1272.9299999999998
PACK OF 12 BLUE PAISLEY TISSUES ,1819.7599999999998
PACK OF 12 CHRISTMAS FUN CARDS,144.55
PACK OF 12 CIRCUS PARADE TISSUES ,1126.7199999999998
PACK OF 12 COLOURED PENCILS,5936.759999999999
PACK OF 12 DOILEY TISSUES,28.08
PACK OF 12 DOLLY GIRL TISSUES,469.16999999999996
PACK OF 12 HEARTS DESIGN TISSUES ,8491.519999999999
PACK OF 12 LONDON TISSUES ,10809.66
PACK OF 12 PAISLEY PARK TISSUES ,630.63
PACK OF 12 PINK PAISLEY TISSUES ,6922.05
PACK OF 12 PINK POLKADOT TISSUES,1422.6899999999998
PACK OF 12 PINK SPOT TISSUES ,3061.25
PACK OF 12 RED APPLE TISSUES,428.01
PACK OF 12 RED RETROSPOT TISSUES ,2594.0899999999997
PACK OF 12 RED SPOTTY TISSUES ,5923.089999999999
PACK OF 12 SKULL TISSUES,4319.76
PACK OF 12 SPACEBOY TISSUES,1717.2499999999998
PACK OF 12 STICKY BUNNIES,1219.75
PACK OF 12 SUKI TISSUES ,9941.4
PACK OF 12 TRADITIONAL CRAYONS,6954.45
PACK OF 12 VINTAGE CHRISTMAS TISSUE,1000.14
PACK OF 12 VINTAGE DOILY TISSUES,783.6899999999999
PACK OF 12 VINTAGE LEAF TISSUES ,549.6899999999999
PACK OF 12 WOODLAND TISSUES ,6929.429999999999
PACK OF 20 FAIRY CAKE PAPER NAPKINS,507.69
PACK OF 20 NAPKINS PANTRY DESIGN,6539.5199999999995
PACK OF 20 NAPKINS RED APPLES,4288.09
PACK OF 20 SKULL PAPER NAPKINS,5997.74
PACK OF 20 SPACEBOY NAPKINS,2313.5299999999997
PACK OF 6 BIRDY GIFT TAGS,20854.88
PACK OF 6 COCKTAIL PARASOL STRAWS,960.42
PACK OF 6 HANDBAG GIFT BOXES,4519.349999999999
PACK OF 6 LARGE FRUIT STRAWS ,1276.33
PACK OF 6 PANETTONE GIFT BOXES,513.91
PACK OF 6 PANNETONE GIFT BOXES,11886.13
PACK OF 6 SANDCASTLE FLAGS ASSORTED,4280.82
PACK OF 6 SKULL PAPER CUPS,3862.4500000000003
PACK OF 6 SKULL PAPER PLATES,5559.349999999999
PACK OF 6 SMALL FRUIT STRAWS,657.6
PACK OF 6 SWEETIE GIFT BOXES,6071.26
PACK OF 60 DINOSAUR CAKE CASES,14941.210000000001
PACK OF 60 MUSHROOM CAKE CASES,7203.43
PACK OF 60 PINK PAISLEY CAKE CASES,26733.45
PACK OF 60 SPACEBOY CAKE CASES,10549.99
PACK OF 72 RETRO SPOT CAKE CASES,21853.08
PACK OF 72 RETROSPOT CAKE CASES,22214.260000000002
PACK OF 72 SKULL CAKE CASES,18517.13
PACK OF SIX LED TEA LIGHTS,4849.01
PACK/12 BLUE FOLKART CARDS,289.1
PACK/12 BLUE REINDEER CARD,215.35000000000002
PACK/12 DECOUPAGE CARD,103.25000000000001
PACK/12 RUSSIAN DOLL CARDS,5.9
PACK/12 XMAS FUN CARD,756.6500000000001
PACKING CHARGE,105.0
PADDED HOLLY CHRISTMAS DECORATION ,45.75
PADDED RED HEART DECORATION,56.18
PADS TO MATCH ALL CUSHIONS,0.017
PAINT YOUR OWN CANVAS SET,6502.98
PAINT YOUR OWN EGGS IN CRATE,299.36
PAINTED BIRD ASSORTED CHRISTMAS,714.87
PAINTED HEART WREATH WITH BELL,15.0
PAINTED LIGHTBULB RAINBOW DESIGN,69.06
PAINTED LIGHTBULB STAR+ MOON,107.7
PAINTED METAL HEART WITH HOLLY BELL,2244.93
PAINTED METAL PEARS ASSORTED,17169.46
PAINTED METAL STAR WITH HOLLY BELLS,1946.1
PAINTED METAL TREE WITH HOLLY BELLS,1033.5
PAINTED PINK RABBIT ,527.85
PAINTED SEA SHELL METAL WINDCHIME,100.31
PAINTED YELLOW WOODEN DAISY,426.7
PAIR BUTTERFLY HAIR CLIPS,123.75
PAIR OF ENAMEL BUTTERFLY HAIRCLIP,63.65
PAIR OF ENAMEL FLOWER CLUSTER SLIDE,192.9
PAIR OF PINK FLOWER CLUSTER SLIDE,25.499999999999996
PAIR PADDED HANGERS PINK CHECK,535.35
PAIR PINK/BLACK COATHANGERS,48.75
PAISLEY PARK CARD,141.84
PAISLEY PATTERN  STICKERS,366.44
PALE PINK/AMETHYST STONE NECKLACE,29.849999999999998
PANDA AND BUNNIES STICKER SHEET,811.75
PANTRY 3 HOOK ROLLING PIN HANGER,757.5
PANTRY APPLE CORER,603.4
PANTRY CHOPPING BOARD,5695.86
PANTRY HOOK BALLOON WHISK ,407.68
PANTRY HOOK SPATULA,320.32
PANTRY HOOK TEA STRAINER ,332.8
PANTRY KITCHEN THERMOMETER ,110.0
PANTRY MAGNETIC  SHOPPING LIST,4346.99
PANTRY PASTRY BRUSH,1308.3
PANTRY ROLLING PIN,9184.279999999999
PANTRY SCRUBBING BRUSH,3661.8899999999994
PANTRY WASHING UP BRUSH,5795.86
PAPER BUNTING COLOURED LACE,11113.45
PAPER BUNTING PAISLEY PARK,667.6
PAPER BUNTING RETRO SPOTS,20735.05
PAPER BUNTING RETROSPOT,21218.140000000003
PAPER BUNTING VINTAGE PAISLEY,8868.7
PAPER BUNTING VINTAGE PARTY,1177.95
PAPER BUNTING WHITE LACE,21495.65
PAPER CHAIN KIT 50'S CHRISTMAS ,79594.33
PAPER CHAIN KIT EMPIRE,23182.7
PAPER CHAIN KIT LONDON,2337.2400000000002
PAPER CHAIN KIT RETRO SPOT,19813.4
PAPER CHAIN KIT RETROSPOT,16111.460000000001
PAPER CHAIN KIT SKULLS ,6675.5
PAPER CHAIN KIT VINTAGE CHRISTMAS,47240.020000000004
"PAPER CRAFT , LITTLE BIRDIE",168469.6
PAPER LANTERN 5 POINT SEQUIN STAR,287.5
PAPER LANTERN 5 POINT STAR MOON ,439.90000000000003
PAPER LANTERN 5 POINT STAR MOON 30,41.5
PAPER LANTERN 5 POINT STUDDED STAR,46.0
PAPER LANTERN 6 POINT SNOW STAR,107.9
PAPER LANTERN 7 POINT SNOW STAR,658.35
PAPER LANTERN 9 POINT DELUXE STAR,2091.55
PAPER LANTERN 9 POINT HOLLY STAR 23,74.7
PAPER LANTERN 9 POINT HOLLY STAR 40,37.5
PAPER LANTERN 9 POINT HOLLY STAR L,431.25
PAPER LANTERN 9 POINT HOLLY STAR S,352.75
PAPER LANTERN 9 POINT SNOW STAR,1040.1000000000001
PAPER LANTERN 9 POINT SNOW STAR ,1249.5
PAPER POCKET TRAVELING FAN ,1171.5200000000002
PAPERWEIGHT CHILDHOOD MEMORIES,1398.62
PAPERWEIGHT HOME SWEET HOME,555.51
PAPERWEIGHT KINGS CHOICE ,504.45
PAPERWEIGHT SAVE THE PLANET,1190.76
PAPERWEIGHT VINTAGE COLLAGE,1294.33
PAPERWEIGHT VINTAGE PAISLEY,313.85999999999996
PARISIENNE CURIO CABINET,3444.8
PARISIENNE JEWELLERY DRAWER ,5399.02
PARISIENNE KEY CABINET ,3685.2
PARISIENNE SEWING BOX,3464.8
PARLOUR CERAMIC WALL HOOK,1840.0000000000002
PARTY BUNTING,103880.23000000001
PARTY CHARMS 50 PIECES,1554.31
PARTY CONE CHRISTMAS DECORATION ,5892.74
PARTY CONES CANDY ASSORTED,4701.15
PARTY CONES CANDY DECORATION,233.27999999999997
PARTY CONES CANDY TREE DECORATION,2008.76
PARTY CONES CARNIVAL ASSORTED,4035.95
PARTY FOOD SHOPPER BAG,1710.8
PARTY INVITES BALLOON GIRL,874.4
PARTY INVITES DINOSAURS,1315.35
PARTY INVITES FOOTBALL,950.7199999999999
PARTY INVITES JAZZ HEARTS,1167.31
PARTY INVITES SPACEMAN,854.78
PARTY INVITES WOODLAND,1845.57
PARTY METAL SIGN ,10498.57
PARTY PIZZA DISH BLUE POLKADOT,382.22999999999996
PARTY PIZZA DISH BLUE RETROSPOT,171.7
PARTY PIZZA DISH BLUE WHITE SPOT ,34.849999999999994
PARTY PIZZA DISH BLUE+WHITE SPOT ,20.4
PARTY PIZZA DISH GREEN POLKADOT,415.93
PARTY PIZZA DISH GREEN RETROSPOT,70.55
PARTY PIZZA DISH GREEN WHITE SPOT ,24.65
PARTY PIZZA DISH GREEN+WHITE SPOT ,10.2
PARTY PIZZA DISH PINK POLKADOT,437.06
PARTY PIZZA DISH PINK RETROSPOT,131.75
PARTY PIZZA DISH PINK WHITE SPOT ,47.599999999999994
PARTY PIZZA DISH PINK+WHITE SPOT ,20.4
PARTY PIZZA DISH RED RETROSPOT,1391.71
PARTY PIZZA DISH RED WHITE SPOT ,394.4
PARTY PIZZA DISH RED+WHITE SPOT ,10.2
PARTY TIME DESIGN FLANNEL,307.81
PARTY TIME PENCIL ERASERS,481.81
PASTA ENAMEL/BRASS CONTAINER,45.0
PASTEL BLUE PHOTO ALBUM,46.8
PASTEL BLUE PHOTO ALBUM ,469.21
PASTEL COLOUR HONEYCOMB FAN,709.89
PASTEL PINK PHOTO ALBUM,199.8
PASTEL PINK PHOTO ALBUM ,272.0
PASTEL STRIPE HAMMOCK ,1466.25
PATCHWORK PENCIL CASE BUTTERFLY ,485.49
PEACE SMALL WOOD LETTERS,3085.65
PEACE WOODEN BLOCK LETTERS,4774.21
PEACH KNITTED HEN ,530.76
"PEARL & SHELL 42""NECKL. GREEN",182.75
"PEARL & SHELL 42""NECKL. IVORY",301.0
"PEARL & SHELL 42""NECKL. PINK",380.89
PEARL AND CHERRY QUARTZ BRACLET,10.5
PEARL CRYSTAL PUMPKIN T-LIGHT HLDR,6049.469999999999
PEARLISED IVORY HEART LARGE ,651.15
PEARLISED IVORY HEART SMALL ,266.21
PEG BAG APPLE DESIGN,869.25
PEG BAG APPLES DESIGN,3844.27
"PEN, 10 COLOURS - SPACEBOY",20.4
PENCIL CASE GINGHAM FOREST,106.20000000000002
PENCIL CASE LIFE IS BEAUTIFUL,3408.6500000000005
PENNY FARTHING BIRTHDAY CARD,2499.49
PENS ASSORTED FUNKY JEWELED ,1413.1299999999999
PENS ASSORTED FUNNY FACE,4802.42
PENS ASSORTED SPACEBALL,2234.7799999999997
PERIWINKLE T-LIGHT HOLDER,1067.1
"PET MUG, BUDGIE",49.980000000000004
"PET MUG, GOLDFISH",28.27
PETIT TRAY CHIC,1629.83
PHARMACIE FIRST AID TIN,11235.65
PHOTO CLIP LINE,411.21
PHOTO CUBE,6410.8099999999995
PHOTO FRAME 3 CLASSIC HANGING,7623.7
PHOTO FRAME CORNICE,12566.33
PHOTO FRAME LINEN AND LACE LARGE,771.72
PHOTO FRAME LINEN AND LACE SMALL,644.8000000000001
PICCADILLY TEA SET,4227.5
PICNIC BASKET WICKER 60 PIECES,39619.5
PICNIC BASKET WICKER LARGE,18943.5
PICNIC BASKET WICKER SMALL,15398.1
PICNIC BOXES SET OF 3 RETROSPOT ,7071.05
PICTURE DOMINOES,9023.99
PICTURE FRAME WOOD TRIPLE PORTRAIT,14894.9
PIECE OF CAMO STATIONERY SET,766.09
PIG KEYRING WITH LIGHT & SOUND ,4208.94
PIG MUG IN TWO COLOUR DESIGNS,131.44
PIGGY BANK RETROSPOT ,10708.52
PILLOWCUSHION COVER PINK UNION JACK,303.45
PIN CUSHION BABUSHKA BLUE,364.65000000000003
PIN CUSHION BABUSHKA PINK,640.69
PIN CUSHION BABUSHKA RED,1092.21
PIN CUSHION RUSSIAN DOLL BLUE,214.4
PIN CUSHION RUSSIAN DOLL PINK,381.90000000000003
PIN CUSHION RUSSIAN DOLL RED,1220.55
PING MICROWAVE APRON,1258.54
PING! MICROWAVE PLATE,537.89
PINK  HEART CONFETTI IN TUBE,1271.4599999999998
PINK  HEART SHAPE LOVE BUCKET ,4281.72
PINK  HONEYCOMB PAPER BALL ,1031.28
PINK  HONEYCOMB PAPER FAN,504.94000000000005
PINK  POLKADOT CUP,2527.67
PINK  POLKADOT PLATE ,3650.15
PINK  SPOTTY CUP,2765.2
PINK  SPOTTY PLATE ,4296.66
PINK & WHITE BREAKFAST TRAY,412.25
PINK & WHITE ROSEBUD RING,80.15
PINK 3 PIECE MINI DOTS CUTLERY SET,15085.89
PINK 3 PIECE POLKADOT CUTLERY SET,9579.880000000001
PINK 3 TIER GLASS PLATE STAND,840.45
PINK 5 PATCH FLOWER CUSHION COVER ,776.6
PINK ACRYLIC JEWEL SNOWFLAKE,4.5600000000000005
PINK ALLIUM  ARTIFICIAL FLOWER,184.21
PINK AND BLACK STRING CURTAIN,88.04999999999998
PINK AND LILAC QUILTED THROW ,1450.4
PINK AND WHITE CHRISTMAS TREE 120CM,866.58
PINK AND WHITE CHRISTMAS TREE 180CM,476.00000000000006
PINK B'FLY C/COVER W BOBBLES,249.9
PINK BABY BUNTING,9269.31
PINK BABY GIRL'S MEMORY BOX,13.9
PINK BABY GIRLS PHOTO ALBUM,92.25
PINK BAROQUE FLOCK CANDLE HOLDER,89.25
PINK BEADED CONE CHRISTMAS,5.88
PINK BEADS+HAND PHONE CHARM,15.0
PINK BERTIE GLASS BEAD BAG CHARM,159.0
PINK BERTIE MOBILE PHONE CHARM,30.42
PINK BITTY LIGHT CHAIN,126.85
PINK BLUE FELT CRAFT TRINKET BOX,23975.69
PINK BOUDICCA LARGE BRACELET,479.55
PINK BOUDOIR T-LIGHT HOLDER,462.15000000000003
PINK BREAKFAST CUP AND SAUCER ,345.21
PINK BUNNY EASTER EGG BASKET,231.89999999999998
PINK BUTTERFLY C/COVER ,29.700000000000003
PINK BUTTERFLY CUSHION COVER,33.15
PINK BUTTERFLY CUSHION COVER ,362.55
PINK BUTTERFLY HANDBAG W BOBBLES,85.0
PINK BUTTERFLY PAPER LAMPSHADE,3.75
PINK BUTTERFLY WASHBAG,748.75
PINK CANDYSTUFT ARTIFICIAL FLOWER,261.90999999999997
PINK CANVAS DES CUSHION COVER ,7.5
PINK CAT BOWL,552.12
PINK CAT FLORAL CUSHION COVER ,397.5
PINK CHERRY BLOSSOM CUP & SAUCER,37.5
PINK CHERRY LIGHTS,13198.1
PINK CHICK EGG WARMER + EGG CUP,247.10000000000002
PINK CHRISTMAS FLOCK DROPLET ,92.82
PINK CHRISTMAS TREE DECORATION,15.63
PINK CHRYSANTHEMUMS ART FLOWER,351.6
PINK CLEAR GLASS CANDLE PLATE,66.25
PINK COMBO MINI CRYSTALS NECKLACE,94.05000000000001
PINK CREAM FELT CRAFT TRINKET BOX ,24108.77
PINK CROCHET CAT WITH SCARF,51.0
PINK CRYSTAL GUITAR PHONE CHARM,54.4
PINK CRYSTAL HEART PHONE CHARM,219.29999999999998
PINK CRYSTAL SKULL PHONE CHARM,68.5
PINK CRYSTAL+GLASS BRACELET,178.20000000000002
PINK CURRENT CANDLE RING,5.32
PINK DAISY BAG CHARM,20.4
PINK DIAMANTE PEN IN GIFT BOX,1923.22
PINK DINER WALL CLOCK,2325.6
PINK DISCO HANDBAG,542.64
PINK DOG BOWL,957.73
PINK DOG CANNISTER,98.8
PINK DOLLY HAIR CLIPS,73.5
PINK DOUGHNUT TRINKET POT ,9450.599999999999
PINK DRAWER KNOB ACRYLIC EDWARDIAN,4696.91
PINK DRESS JEWELLERY STAND ,346.84999999999997
PINK EASTER HENS+FLOWER,48.75
PINK EAU DE COLOGNE BOTTLE,72.25
PINK ENAMEL FLOWER HAIR TIE,76.70000000000002
PINK ENAMEL+GLASS HAIR COMB,609.0
PINK FAIRY CAKE CHILD'S APRON,6036.21
PINK FAIRY CAKE CHILDRENS APRON,10921.26
PINK FAIRY CAKE COASTER,1049.6399999999999
PINK FAIRY CAKE CUSHION COVER,2054.1
PINK FEATHER CHRISTMAS DECORATION,82.19000000000001
PINK FEATHERS CURTAIN,117.78
PINK FELT EASTER EGG BASKET,2311.5499999999997
PINK FELT EASTER RABBIT GARLAND,548.25
PINK FELT HANGING HEART W FLOWER,72.25
PINK FLOCK GLASS CANDLEHOLDER,139.54
PINK FLOCK PHOTO FRAME ,213.6
PINK FLOCK SUEDE CUSHION COVER ,22.5
PINK FLOCK TABLE CLOCK ,170.8
PINK FLORAL FELTCRAFT SHOULDER BAG,8969.27
PINK FLOWER CROCHET FOOD COVER,2467.61
PINK FLOWER FABRIC PONY,563.6
PINK FLOWER HANGING HEART ,114.75
PINK FLOWERS CHILDS UMBRELLA,19.5
PINK FLOWERS RABBIT EASTER,99.85
PINK FLUFFY CHRISTMAS DECORATION,103.93
PINK FLY SWAT,275.31
PINK FOXGLOVE ARTIIFCIAL FLOWER,409.50000000000006
PINK GAUZE BUTTERFLY LAMPSHADE,16.38
PINK GINGHAM CAT WITH SCARF,527.85
PINK GINGHAM ROSE CUSHION COVER,124.95
PINK GINGHAM ROSE FLOOR CUSHION,261.35
PINK GLASS CANDLEHOLDER,760.3500000000001
PINK GLASS CHUNKY CHARM BRACELET,127.79999999999998
PINK GLASS COCKTAIL LAMP,4.2
PINK GLASS TASSLE BAG CHARM ,103.25
PINK GOOSE FEATHER TREE 60CM,670.25
PINK GREEN EMBROIDERY COSMETIC BAG,73.75
PINK HANGING GINGHAM EASTER HEN,31.08
PINK HANGING HEART T-LIGHT HOLDER,1476.13
PINK HAPPY BIRTHDAY BUNTING,28793.95
PINK HAWAIIAN PICNIC HAMPER FOR 2,856.5
PINK HAWAIIAN PICNIC HAMPER FOR 4,1883.5500000000002
PINK HEART CANDY BUTTON CALCULATOR,1257.15
PINK HEART CHRISTMAS DECORATION,0.38
PINK HEART DOTS HOT WATER BOTTLE,2504.37
PINK HEART OF GLASS BRACELET,214.20000000000002
PINK HEART RED HANDBAG,315.96000000000004
PINK HEART SHAPE EGG FRYING PAN,14163.98
PINK HEART SHAPE PHOTO FRAME,1040.6499999999999
PINK HEARTS LIGHT CHAIN ,726.63
PINK HEARTS PAPER GARLAND,1351.1999999999998
PINK HEARTS PHOTO ALBUM,336.25
PINK HORSE SOCK PUPPET,1535.2500000000002
PINK HORSE SOCK PUPPET KIT,129.8
PINK HYDRANGEA ART FLOWER,427.44000000000005
PINK JEWELLED MIRROR TRINKET TRAY,367.60999999999996
PINK JEWELLED PHOTO FRAME,529.47
PINK JEWELLED PHOTO FRAME ,618.1
PINK JUICY FRUIT PHOTO FRAME,843.75
PINK JUMPER LARRY THE LAMB,1792.92
PINK KASHMIRI BOXED MIRROR,176.0
PINK KASHMIRI COFFEE TABLE ,1050.0
PINK KASHMIRI OCCASIONAL TABLE,94.95
PINK KNITTED COW STUFFED TOY,215.34
PINK KNITTED EGG COSY,163.41
PINK KNITTED KIDS RUCKSACK,162.0
PINK LARGE JEWELED PHOTOFRAME,58.65
PINK LEAVES AND BEADS PHONE CHARM,23.75
PINK LOVE BIRD CANDLE,413.98
PINK LOVE HEART SHAPE CUP,1848.84
PINK MARSHMALLOW SCARF KNITTING KIT,1621.0
PINK METAL CHICKEN HEART ,1587.1699999999998
PINK METAL SWINGING BUNNY,569.5
PINK MILKSHAKE GLASS,215.5
PINK MINI STATIONERY SET W CASE,13.75
PINK MINI TAPE MEASURE ,230.95
PINK MONTE CARLO HANDBAG,402.54999999999995
PINK MURANO TWIST BRACELET,289.0
PINK MURANO TWIST NECKLACE,258.7
PINK NEW BAROQUE FLOCK CANDLESTICK,102.30000000000001
PINK NEW BAROQUECANDLESTICK CANDLE,940.0
PINK OVAL JEWELLED MIRROR,647.1
PINK OVAL SHAPE TRINKET BOX,199.0
PINK OWL DECORATION,244.79999999999998
PINK OWL SOFT TOY,4681.68
PINK PADDED MOBILE,3267.25
PINK PAINTED KASHMIRI CHAIR,885.2
PINK PAINTED KASHMIRI TABLE,630.0
PINK PAISLEY CUSHION COVER ,1070.1000000000001
PINK PAISLEY PHOTO ALBUM,27.0
PINK PAISLEY QUILT ,2784.8
PINK PAISLEY ROSE GIFT WRAP,1364.5
PINK PAISLEY SQUARE TISSUE BOX ,894.0100000000001
PINK PAPER PARASOL ,12821.48
PINK PARTY BAGS,11005.28
PINK PARTY SUNGLASSES,300.45
PINK PATCH PENCIL CASE BLUE HEART,652.53
PINK PATCH PURSE BLUE HEART,239.24999999999997
PINK PICNIC BARBECUE BUCKET,574.3000000000001
PINK PILLAR CANDLE SILVER FLOCK,670.28
PINK POLKADOT BOWL,4271.400000000001
PINK POLKADOT CHILDRENS UMBRELLA,1199.75
PINK POLKADOT GARDEN PARASOL,913.95
PINK POLKADOT KIDS BAG,979.8
PINK POLKADOT PLATE ,318.34
PINK POLKADOT WRAP ,3366.0
PINK POODLE HANGING DECORATION ,220.79000000000002
PINK PORCELAIN B'FLY OIL BURNER,5.9
PINK POT PLANT CANDLE,935.8000000000001
PINK RABBIT SITTING EASTER,19.32
PINK REGENCY TEACUP AND SAUCER,20444.690000000002
PINK RETRO BIG FLOWER BAG,214.5
PINK RIVIERA HANDBAG,575.7
PINK ROSE FABRIC MIRROR,837.97
PINK ROSE PICNIC RUG,77.85
PINK ROSE WASHBAG,2302.5
PINK ROSEBUD & PEARL NECKLACE,90.0
PINK ROSEBUD PEARL BRACELET,85.35
PINK ROSEBUD PEARL EARRINGS,30.599999999999998
"PINK ROSES/GINGHAM PATCH RABBIT 8""",44.25000000000001
PINK ROUND BUTTERFLY MIRROR ,667.8299999999999
PINK ROUND COMPACT MIRROR,142.5
PINK SCOTTIE DOG W FLOWER PATTERN,382.34999999999997
PINK SMALL GLASS CAKE STAND,814.05
PINK SMALL JEWELLED PHOTOFRAME,165.0
PINK SPOTS  WRAP ,3113.0
PINK SPOTS CHOCOLATE NESTING BOXES ,1900.05
PINK SPOTTY BOWL,3903.9
PINK SPOTTY CHILDS UMBRELLA,3014.0
PINK SQUARE COMPACT MIRROR,56.25
PINK SQUARE TABLE CLOCK,124.55000000000001
PINK STAR CHRISTMAS DECORATION,78.12
PINK STITCHED WALL CLOCK,778.07
PINK STOCKING CHRISTMAS DECORATION,118.56
PINK STRAWBERRY HANDBAG ,162.25000000000003
PINK STRING CURTAIN WITH POLE,273.34999999999997
PINK STRIPE HOT WATER BOTTLE,682.5
PINK STRIPES SHOULDER BAG,2.95
PINK SWEETHEART BRACELET,859.25
PINK SWEETIE NECKLACE,37.5
PINK TALL PORCELAIN T-LIGHT HOLDER ,48.449999999999996
PINK TEATIME PRINT BOWL,145.0
PINK TV TRAY TABLE ,144.5
PINK UNION JACK  LUGGAGE TAG,1260.46
PINK UNION JACK  PASSPORT COVER ,1622.5800000000002
PINK VINTAGE PAISLEY PICNIC BAG,8127.01
PINK VINTAGE SPOT BEAKER,4384.83
PINK VINTAGE VICTORIAN CHOKER,33.75
PINK VINTAGE VICTORIAN EARRINGS,73.75000000000001
PINK WHITE SPOTS GARDEN PARASOL,1007.0
PINK YELLOW PATCH CUSHION COVER,774.15
PINK/AMETHYST/GOLD NECKLACE,62.55
PINK/BLUE DISC/MIRROR STRING,374.31
PINK/BLUE STRING CURTAIN ,268.25
PINK/BROWN DOTS RUFFLED UMBRELLA,6613.55
PINK/FLOWER RABBIT EGG WARMER ,119.70000000000002
PINK/GREEN FLOWER DESIGN BIG MUG,30.81
PINK/PURPLE CIRCLE CURTAIN,112.32000000000001
PINK/PURPLE RETRO RADIO,572.3000000000001
"PINK/WHITE ""KEEP CLEAN"" BULLET BIN",383.50000000000006
PINK/WHITE CHRISTMAS TREE 30CM,25.28
PINK/WHITE CHRISTMAS TREE 60CM,1115.97
PINK/WHITE GLASS DEMI CHOKER,60.0
PINK/WHITE RIBBED MELAMINE JUG,1089.15
PINK/YELLOW FLOWERS HANDBAG,454.45
PINK/YELLOW PATCH CUSHION COVER,45.9
PINK/YELLOW RABBIT SAT EASTER,9.24
PIZZA DISH SLICE ,45.0
PIZZA PLATE IN BOX,3044.8
PIZZA SLICE DISH,2891.4500000000003
PLACE SETTING WHITE HEART,11049.33
PLACE SETTING WHITE STAR,2539.31
PLANTPOT SINGLE HOOK PISTACHIO,182.09
PLASMATRONIC LAMP,724.39
PLASTERS IN TIN CIRCUS PARADE ,21288.409999999996
PLASTERS IN TIN MR STRONG ,357.0
PLASTERS IN TIN SKULLS,12357.599999999999
PLASTERS IN TIN SPACEBOY,23736.149999999998
PLASTERS IN TIN STRONGMAN,18240.289999999997
PLASTERS IN TIN VINTAGE PAISLEY ,16010.589999999998
PLASTERS IN TIN WOODLAND ANIMALS,20879.229999999996
PLAYING CARDS I LOVE LONDON ,1247.25
PLAYING CARDS JUBILEE UNION JACK,2082.48
PLAYING CARDS KEEP CALM & CARRY ON,4246.71
PLAYING CARDS VINTAGE DOILEY ,16.25
PLAYING CARDS VINTAGE DOILY ,822.73
PLEASE ONE PERSON  METAL SIGN,3528.9000000000005
PLEASE ONE PERSON METAL SIGN,45035.100000000006
POCKET BAG BLUE PAISLEY RED SPOT,1646.8600000000001
POCKET BAG PINK PAISELY BROWN SPOT,952.63
"POCKET MIRROR ""GLAMOROUS""",118.75
POCKET MIRROR BUTTERFLY ,2.5
POCKET MIRROR WOODLAND,156.25
POLKA DOT PEN,1060.8
POLKA DOT PISTACHIO PAIL,566.22
POLKA DOT RAFFIA FOOD COVER,3178.16
POLKADOT COFFEE CUP & SAUCER PINK,1165.89
POLKADOT CUTLERY 24 PCS IN TRAY,6307.15
POLKADOT MUG PINK ,282.65999999999997
POLKADOT PEN,9521.63
POLKADOT PENS,40.8
POLKADOT RAIN HAT ,1105.69
POLYESTER FILLER PAD 30CMx30CM,313.75
POLYESTER FILLER PAD 40x40cm,5025.7
POLYESTER FILLER PAD 45x30cm,355.25
POLYESTER FILLER PAD 45x45cm,3882.75
POLYESTER FILLER PAD 60x40cm,50.99999999999999
POLYESTER FILLER PAD 65CMx65CM,909.5
POMPOM CURTAIN,3161.9500000000003
POP ART PEN CASE & PENS,1017.2900000000001
POP ART PUSH DOWN RUBBER ,179.04
POP'S GREASY SPOON METAL SIGN,141.89999999999998
POP-ART FLUORESCENT PENS,388.8
POPART COL BALLPOINT PEN ASST,182.58
POPART RECT PENCIL SHARPENER ASST,156.9
POPART WOODEN PENCILS ASST,428.0
POPCORN HOLDER,23427.71
"POPCORN HOLDER , LARGE",1527.8
"POPCORN HOLDER , SMALL ",2344.2999999999997
POPPY FIELDS CHOPPING BOARD,420.75
POPPY'S PLAYHOUSE BATHROOM,3883.5000000000005
POPPY'S PLAYHOUSE BEDROOM ,7049.05
POPPY'S PLAYHOUSE KITCHEN,7414.610000000001
POPPY'S PLAYHOUSE LIVINGROOM ,5422.22
PORCELAIN BUDAH INCENSE HOLDER,232.4
PORCELAIN BUTTERFLY OIL BURNER,2930.2000000000003
PORCELAIN CHERUB BELL LARGE,31.349999999999998
PORCELAIN CHERUB BELL SMALL,135.24
PORCELAIN HANGING BELL LARGE,50.7
PORCELAIN HANGING BELL SMALL,97.15
PORCELAIN ROSE LARGE ,2079.3
PORCELAIN ROSE SMALL,2484.91
PORCELAIN T-LIGHT HOLDERS ASSORTED,2588.43
POSTAGE,126563.04
POSTE FRANCE CUSHION COVER,1481.25
POSY CANDY BAG,1180.25
POSY SHOPPER BAG,586.25
POTTERING IN THE SHED METAL SIGN,17977.82
POTTERING MUG,6280.37
POTTING SHED CANDLE CITRONELLA,2605.9700000000003
POTTING SHED COFFEE MUG,1434.6
POTTING SHED ROSE CANDLE,2355.7799999999997
POTTING SHED SEED ENVELOPES,1430.13
POTTING SHED SEED TIN,523.0
POTTING SHED SOW 'N' GROW SET,1544.5
POTTING SHED TEA MUG,10545.18
POTTING SHED TWINE,4655.88
PREMIUM CHURCH CANDLE,496.14000000000004
PRETTY HANGING QUILTED HEARTS,1046.86
PRICE'S CANDLE PEACH,116.5
PSYCHEDELIC METAL SIGN CALENDAR,259.15
PSYCHEDELIC TILE COASTER,231.75
PSYCHEDELIC TILE HOOK,227.25
PSYCHEDELIC WALL THERMOMETER,863.03
PURPLE ACRYLIC FACETED BANGLE,207.60000000000002
PURPLE AMETHYST NECKLACE W TASSEL,139.29999999999998
PURPLE ANEMONE ARTIFICIAL FLOWER,420.21000000000004
PURPLE BERTIE GLASS BEAD BAG CHARM,124.2
PURPLE BOUDICCA LARGE BRACELET,305.8
PURPLE CHUNKY GLASS+BEAD NECKLACE,167.29999999999998
PURPLE CURRENT CANDLE RING,12.61
PURPLE DRAWERKNOB ACRYLIC EDWARDIAN,3923.81
PURPLE DRESS JEWELLERY STAND,54.09
PURPLE ENAMEL FLOWER HAIR TIE,23.6
PURPLE ENAMEL FLOWER RING,268.45000000000005
PURPLE ENAMEL+GLASS HAIR COMB,325.5
PURPLE FINE BEAD NECKLACE W TASSEL,41.65
PURPLE FOXGLOVE ARTIIFCIAL FLOWER,482.70000000000005
PURPLE FRANGIPANI HAIRCLIP,49.3
PURPLE FRANGIPANI NECKLACE,30.599999999999998
PURPLE GEMSTONE BRACELET,453.2
PURPLE GEMSTONE NECKLACE 45CM,280.5
PURPLE GLASS TASSLE BAG CHARM,109.15
PURPLE GREEN FLOWER PIGGY BANK,664.3499999999999
PURPLE LAS VEGAS BRACELET ROUND,60.0
PURPLE LEAVES AND BEADS PHONE CHAR,3.75
PURPLE PAPER PARASOL,2440.3
PURPLE PILLAR CANDLE BLACK FLOCK,413.35
PURPLE SWEETHEART BRACELET,518.5
PURPLE TINT ACRYLIC FLOWER VASE,20.4
PURPLE VINTAGE EARRINGS,127.5
PURPLE/BLUE CERAMIC CANDLE HOLDER,23.099999999999998
PURPLE/COPPER HANGING LAMPSHADE,19.55
PURPLE/TURQ FLOWERS HANDBAG,278.75
QUEEN OF SKIES LUGGAGE TAG,327.27
QUEEN OF THE SKIES HOLIDAY PURSE ,277.19
QUEEN OF THE SKIES PASSPORT COVER ,404.58000000000004
QUEENS GUARD COFFEE MUG,5603.57
RABBIT  DESIGN  COTTON TOTE BAG,814.5
RABBIT EASTER DECORATION,59.00000000000001
RABBIT NIGHT LIGHT,51346.2
RAIN GIRL CHILDS UMBRELLA,3.25
RAIN HAT WITH RED SPOTS,1550.6399999999999
RAIN PONCHO ,1473.7
RAIN PONCHO RETROSPOT,8124.53
RAIN PONCHO WITH RED SPOTS,3289.55
RAINBOW PEGS PHOTO CLIP STRING,230.13
RAINY LADIES BIRTHDAY CARD,2104.81
RASPBERRY ANT COPPER FLOWER NECKLAC,148.75
RASTA IN BATH W SPLIFF ASHTRAY,12.75
RATTLE SNAKE EGGS,1082.39
RECIPE BOX BLUE SKETCHBOOK DESIGN,7323.26
RECIPE BOX PANTRY YELLOW DESIGN,27804.370000000003
RECIPE BOX RETRO SPOT DESIGN,2676.9500000000003
RECIPE BOX RETROSPOT ,11191.85
RECIPE BOX WITH METAL HEART,8173.35
"RECORD FRAME 7"" SINGLE SIZE ",15789.12
RECTANGULAR SHAPED MIRROR,656.9
RECYCLED ACAPULCO MAT BLUE,2741.35
RECYCLED ACAPULCO MAT GREEN,3763.55
RECYCLED ACAPULCO MAT LAVENDER,2206.2
RECYCLED ACAPULCO MAT PINK,2598.15
RECYCLED ACAPULCO MAT RED,3572.75
RECYCLED ACAPULCO MAT TURQUOISE,4694.75
RECYCLED PENCIL WITH RABBIT ERASER,1050.06
RECYCLING BAG RETROSPOT ,28377.08
RED   ACRYLIC FACETED BANGLE,171.95000000000002
RED  EGG  SPOON,280.98
RED  HARMONICA IN BOX ,41939.65
RED  SPOTTY COFFEE  MUG,1297.8
RED 3 PIECE MINI DOTS CUTLERY SET,14624.91
RED 3 PIECE RETROSPOT CUTLERY SET,9043.29
RED AND WHITE SPOT TAPE,282.1
RED APPLES CHOPPING BOARD   ,698.85
RED BABY BUNTING ,6355.25
RED BIRD HOUSE TREE DECORATION,360.83
RED BOUDICCA LARGE BRACELET,412.55
RED CHARLIE+LOLA PERSONAL DOORSIGN,1270.2900000000002
RED COAT RACK PARIS FASHION,1963.89
RED DAISY PAPER LAMPSHADE,387.57
RED DAISY POCKET BOOK ,880.03
RED DINER WALL CLOCK,14765.09
RED DRAGONFLY HELICOPTER,850.65
RED DRAWER KNOB ACRYLIC EDWARDIAN,3128.71
RED ENAMEL FLOWER RING,262.55
RED ENCHANTED FOREST PLACEMAT,1615.6499999999999
RED FLOCK LOVE HEART PHOTO FRAME,1006.86
RED FLORAL FELTCRAFT SHOULDER BAG,11335.41
RED FLOWER CROCHET FOOD COVER,3095.39
RED GINGHAM ROSE JEWELLERY BOX,10240.349999999999
RED GINGHAM TEDDY BEAR ,5133.780000000001
RED GLASS TASSLE BAG CHARM,106.2
RED HANGING HEART T-LIGHT HOLDER,50010.85
RED HANGING METAL STAR TLIGHT HLDR,3229.17
RED HEART CANDY POP LIGHTS,4.95
RED HEART LUGGAGE TAG,807.72
RED HEART SHAPE LOVE BUCKET ,6447.22
RED HEARTS LIGHT CHAIN ,1377.53
RED KITCHEN SCALES,19926.530000000002
RED KUKUI COCONUT SEED NECKLACE,191.3
RED LOVE HEART SHAPE CUP,2526.98
RED METAL BEACH SPADE ,4431.32
RED METAL BOX TOP SECRET,7962.03
RED ORGANIC CANDLE IN GLASS,627.05
RED PAPER PARASOL,4255.79
RED PEONY CUSHION COVER ,480.85
RED PEONY DES C/COVER ,60.45
RED PEONY PHOTO FRAME ,46.5
RED PEONY TABLE CLOCK,199.35
RED POLKA DOT TISSUE BOX,1076.15
RED POLKADOT BEAKER ,1629.52
RED POLKADOT COFFEE  MUG,737.25
RED POLKADOT PUDDING BOWL,577.47
RED POPPY ARTIFICIAL FLOWER,215.93
RED PUDDING SPOON,189.54
RED PURSE WITH PINK HEART,116.4
RED REFECTORY CLOCK ,2222.2
RED REINDEER STRING OF 20 LIGHTS,605.75
RED RETRO BAR STOOL,970.7
RED RETRO KITCHEN WALL CLOCK,358.6
RED RETROSPOT APRON ,3734.65
RED RETROSPOT BIG BOWL,1052.4
RED RETROSPOT BOWL,6056.01
RED RETROSPOT BUTTER DISH,8589.6
RED RETROSPOT CAKE STAND,44314.89
RED RETROSPOT CHARLOTTE BAG,12158.9
RED RETROSPOT CHILDRENS UMBRELLA,4816.41
RED RETROSPOT CUP,3425.6
RED RETROSPOT JUMBO BAG ,9291.3
RED RETROSPOT LUGGAGE TAG,603.75
RED RETROSPOT MINI CASES,15162.05
RED RETROSPOT MUG,10577.9
RED RETROSPOT OVEN GLOVE ,5378.38
RED RETROSPOT OVEN GLOVE DOUBLE,3025.9000000000005
RED RETROSPOT PEG BAG,7517.349999999999
RED RETROSPOT PICNIC BAG,17519.01
RED RETROSPOT PLATE ,5373.049999999999
RED RETROSPOT PUDDING BOWL,3029.25
RED RETROSPOT PURSE ,1430.0000000000002
RED RETROSPOT ROUND CAKE TINS,12341.8
RED RETROSPOT SHOPPER BAG,6747.31
RED RETROSPOT SHOPPING BAG,1554.96
RED RETROSPOT SMALL MILK JUG,11969.25
RED RETROSPOT STORAGE JAR,4718.16
RED RETROSPOT SUGAR JAM BOWL,7349.25
RED RETROSPOT TAPE,750.19
RED RETROSPOT TEA CUP AND SAUCER ,5544.32
RED RETROSPOT TISSUE BOX,1223.49
RED RETROSPOT TOASTRACK,360.15000000000003
RED RETROSPOT TRADITIONAL TEAPOT ,16520.64
RED RETROSPOT UMBRELLA,14653.320000000002
RED RETROSPOT WASHBAG,165.9
RED RETROSPOT WRAP ,5893.24
RED ROCKING HORSE HAND PAINTED,2634.0
RED ROSE AND LACE C/COVER,560.5
RED SHARK HELICOPTER,1049.4
RED SPOT CERAMIC DRAWER KNOB,10882.47
RED SPOT HEART HOT WATER BOTTLE,11222.2
RED SPOT PAPER GIFT BAG,1944.08
RED SPOTS  WRAP ,5115.5
RED SPOTTY APRON ,4298.25
RED SPOTTY BEAKER ,165.75
RED SPOTTY BIG BOWL,2002.8000000000002
RED SPOTTY BISCUIT TIN,16513.95
RED SPOTTY BOWL,5147.12
RED SPOTTY CANDY BAG,1154.9
RED SPOTTY CHARLOTTE BAG,8499.85
RED SPOTTY CHILDS APRON,4490.4
RED SPOTTY CHILDS UMBRELLA,4467.75
RED SPOTTY COIR DOORMAT,6545.5
RED SPOTTY CUP,3667.02
RED SPOTTY EGG CUP ,1081.53
RED SPOTTY LUGGAGE TAG,1097.94
RED SPOTTY OVEN GLOVE ,3100.44
RED SPOTTY OVEN GLOVE DOUBLE,3408.4
RED SPOTTY PASSPORT COVER,2.1
RED SPOTTY PEG BAG,4864.92
RED SPOTTY PLATE ,5015.91
RED SPOTTY PUDDING BOWL,827.0400000000001
RED SPOTTY PURSE ,2054.8500000000004
RED SPOTTY ROUND CAKE TINS,13537.849999999999
RED SPOTTY SHOPPER BAG,7713.2
RED SPOTTY SHOPPING BAG,1708.35
RED SPOTTY TABLECLOTH ,3832.5
RED SPOTTY WASHBAG,1133.2800000000002
RED STAR CARD HOLDER,4917.54
RED STONE/CRYSTAL EARRINGS,17.700000000000003
RED STRIPE CERAMIC DRAWER KNOB,11582.0
RED TEA TOWEL CLASSIC DESIGN,2799.31
RED TOADSTOOL LED NIGHT LIGHT,42913.71
RED TOP SCANDINAVIAN HEART ,1.52
RED VICTORIAN FABRIC HEART BOX,102.63
RED VICTORIAN FABRIC OVAL BOX,662.81
RED VINTAGE SPOT BEAKER,1452.3
RED WALL CLOCK,459.0
RED WHITE SCARF  HOT WATER BOTTLE,7945.750000000001
RED WOOLLY HOTTIE WHITE HEART.,35261.07
RED/CREAM STRIPE CUSHION COVER ,1227.3
RED/CREAM STRIPE FRINGE HAMMOCK,2499.65
RED/WHITE DOT MINI CASES,7883.599999999999
RED/WHITE DOTS RUFFLED UMBRELLA,14802.1
RED/WHITE SPOT PICNIC BAG,2977.4
REDWHITE STRIPE SCANDINAVIAN HEART ,145.16
REGENCY CAKE FORK,1896.6000000000001
REGENCY CAKE SLICE,2579.21
REGENCY CAKESTAND 3 TIER,286486.3
REGENCY MILK JUG PINK ,9008.0
REGENCY MIRROR WITH SHUTTERS,2730.0
REGENCY SUGAR BOWL GREEN,11575.54
REGENCY SUGAR TONGS,3949.7000000000003
REGENCY TEA PLATE GREEN ,9184.9
REGENCY TEA PLATE PINK,5793.28
REGENCY TEA PLATE ROSES ,10190.789999999999
REGENCY TEA SPOON,1666.8
REGENCY TEA STRAINER,4789.24
REGENCY TEAPOT ROSES ,23073.32
REINDEER HEART DECORATION GOLD,775.26
REINDEER HEART DECORATION SILVER,1241.59
RELAX LARGE WOOD LETTERS,1945.8
RESIN BRACELET W PASTEL BEADS,89.10000000000001
RESIN NECKLACE W PASTEL BEADS,157.5
RETO LEAVES MAGNETIC SHOPPING LIST,52.199999999999996
"RETRO ""TEA FOR ONE"" ",560.25
RETRO BLUE SPOTTY WASHING UP GLOVES,1326.6000000000001
RETRO BROWN BALL ASHTRAY ,234.15
RETRO COFFEE MUGS ASSORTED,8271.45
RETRO LAUNDRY TUB PINK,510.0
RETRO LAUNDRY TUB PISTACHIO,722.5
RETRO LEAVES MAGNETIC NOTEPAD,150.79999999999998
RETRO LONGBOARD IRONING BOARD COVER,352.5
RETRO MOD TRAY,1077.61
"RETRO PILL BOX , REVOLUTIONARY",34.91
"RETRO PILL BOX KEY CHAIN,THE KING",43.65
RETRO PINK BALL ASHTRAY ,422.05
RETRO PINK SPOT WASHING UP GLOVES,391.1
RETRO PLASTIC 70'S TRAY,437.84
RETRO PLASTIC DAISY TRAY,337.46999999999997
RETRO PLASTIC ELEPHANT TRAY,1208.6299999999999
RETRO PLASTIC POLKA TRAY,885.5999999999999
RETRO RED SPOTTY WASHING UP GLOVES,5749.56
RETRO SISTERS EXPRESSO CUPS,441.95000000000005
RETRO SPORT PARTY BAG + STICKER SET,5128.75
RETRO SPOT  CIGAR BOX MATCHES ,3653.25
RETRO SPOT CAKE STAND,15333.199999999999
RETRO SPOT CANDLE  LARGE,672.0
RETRO SPOT CANDLE  MEDIUM,502.80000000000007
RETRO SPOT CANDLE  SMALL,599.57
RETRO SPOT CERAMIC TOASTRACK,1223.2500000000002
RETRO SPOT GIANT  TUBE MATCHES,3045.15
RETRO SPOT LAMP,4718.9
RETRO SPOT LARGE MILK JUG,7665.55
RETRO SPOT MUG,3895.9
RETRO SPOT PADDED SEAT CUSHION,1657.65
RETRO SPOT PARTY BAG + STICKER SET,1395.45
RETRO SPOT SMALL MILK JUG,3997.2
RETRO SPOT SMALL TUBE MATCHES,3218.1
RETRO SPOT STORAGE JAR,2476.59
RETRO SPOT SUGAR JAM BOWL,2039.85
RETRO SPOT TEA SET CERAMIC 11 PC ,19965.82
RETRO SPOT TRADITIONAL TEAPOT ,7164.900000000001
RETRO SPOTS BUTTER DISH,3803.4
RETRO SPOTS PUDDING BOWL,1170.75
"RETRO TIN ASHTRAY,REVOLUTIONARY",19.4
RETROSPOT BABUSHKA DOORSTOP,647.12
RETROSPOT CANDLE  LARGE,735.8199999999999
RETROSPOT CANDLE  MEDIUM,729.6200000000001
RETROSPOT CANDLE  SMALL,869.85
RETROSPOT CHILDRENS APRON,12000.52
RETROSPOT CIGAR BOX MATCHES ,3023.35
RETROSPOT GIANT TUBE MATCHES,4823.25
RETROSPOT HEART HOT WATER BOTTLE,24336.98
RETROSPOT LAMP,4467.599999999999
RETROSPOT LARGE MILK JUG,7866.6
RETROSPOT PADDED SEAT CUSHION,5920.27
RETROSPOT PARTY BAG + STICKER SET,8721.58
RETROSPOT RED WASHING UP GLOVES,3686.76
RETROSPOT SMALL TUBE MATCHES,3016.95
RETROSPOT TEA SET CERAMIC 11 PC ,27806.93
RETROSPOT WOODEN HEART DECORATION,1553.9199999999998
REVOLVER WOODEN RULER ,8950.289999999999
REX CASH+CARRY JUMBO SHOPPER,3914.0
RHOMBUS CRYSTAL PERFUME BOTTLE,11.7
RIBBON REEL CHRISTMAS PRESENT ,5126.84
RIBBON REEL CHRISTMAS SOCK BAUBLE,5109.99
RIBBON REEL FLORA + FAUNA ,2433.32
RIBBON REEL HEARTS DESIGN ,7748.19
RIBBON REEL LACE DESIGN ,7861.4
RIBBON REEL MAKING SNOWMEN ,3885.41
RIBBON REEL POLKADOTS ,2715.75
RIBBON REEL SNOWY VILLAGE,6690.73
RIBBON REEL SOCKS AND MITTENS,2233.83
RIBBON REEL SPOTS DESIGN ,3523.9
RIBBON REEL STRIPES DESIGN ,11564.43
"RIBBON REEL, MAKING SNOWMEN ",99.0
"RIBBON REEL, XMAS SOCK/BAUBLE",1131.0
RIBBONS PURSE ,1316.63
RIDGED BONNE JAM JAR T-LIGHT HOLDER,431.23999999999995
RIDGED GLASS FINGER BOWL,709.59
RIDGED GLASS PENDANT LAMPSHADE,697.8
RIDGED GLASS POSY VASE ,1141.55
RIDGED GLASS STORAGE JAR CREAM LID,862.8299999999999
RIDGED GLASS T-LIGHT HOLDER,483.6
RING OF ROSES BIRTHDAY CARD,1538.34
RIO PINK STRIPE HAMMOCK,79.5
RIVIERA NECKLACE,222.75
ROBIN CHRISTMAS CARD,651.6
ROBOT BIRTHDAY CARD,2861.44
ROBOT MUG IN DISPLAY BOX,331.32
ROCKING HORSE GREEN CHRISTMAS ,2708.56
ROCKING HORSE RED CHRISTMAS ,4527.48
ROCOCO WALL MIROR,39.9
ROCOCO WALL MIRROR WHITE,1442.25
ROLL WRAP 50'S CHRISTMAS,3699.02
ROLL WRAP 50'S RED CHRISTMAS ,1964.76
ROLL WRAP VINTAGE CHRISTMAS,3462.89
ROLL WRAP VINTAGE SPOT ,3165.65
ROMANTIC IMAGES GIFT WRAP SET,1213.8000000000002
ROMANTIC IMAGES NOTEBOOK SET,893.75
ROMANTIC IMAGES SCRAP BOOK SET,634.2
ROMANTIC PINKS RIBBONS ,3699.07
ROSE 1 WICK MORRIS BOXED CANDLE,1630.68
ROSE 3 WICK MORRIS BOX CANDLE,2519.32
ROSE CARAVAN DOORSTOP,6820.51
ROSE COLOUR PAIR HEART HAIR SLIDES,90.0
ROSE COTTAGE KEEPSAKE BOX ,9941.55
ROSE DES PADDED FLOOR CUSHION,2090.68
ROSE DU SUD CHILDRENS APRON,110.5
ROSE DU SUD CHILDS APRON,335.75
ROSE DU SUD COSMETICS BAG,1501.5
ROSE DU SUD CUSHION COVER,139.7
ROSE DU SUD CUSHION COVER ,400.95000000000005
ROSE DU SUD DRAWSTRING BAG,467.5
ROSE DU SUD OVEN GLOVE,649.1500000000001
ROSE DU SUD WASHBAG ,410.55
ROSE FLOWER CANDLE+INCENSE 16X16CM,123.75
ROSE FOLKART HEART DECORATIONS,1678.45
ROSE PENDANT TRIPLE SHELL NECKLACE,14.850000000000001
ROSE PINK METAL FOLDING CHAIR,333.90000000000003
ROSE SCENT CANDLE IN JEWELLED BOX,3825.2799999999997
ROSE SCENT CANDLE JEWELLED DRAWER,1536.44
ROSE SCENT CANDLES IN GLASS,498.5
ROSE SCENTED VOTIVE CANDLE,6.959999999999999
ROSES BLUE BASE CUSHION COVER ,23.099999999999998
ROSES IN WHITE HEART CANDLE ,958.21
ROSES ON BLUE TEACUP CANDLE ,905.84
ROSES REGENCY TEACUP AND SAUCER ,33096.0
ROSES WHITE ROUND CANDLE,351.62
ROTATING LEAVES T-LIGHT HOLDER,3750.28
ROTATING SILVER ANGELS T-LIGHT HLDR,57779.17
ROUND ARTICULATED BLUE CLOCK W/SUCK,2.55
ROUND ARTICULATED PINK CLOCK W/SUCK,9.57
ROUND BLUE CLOCK W/SUCKER,36.6
ROUND BLUE CLOCK WITH SUCKER,40.09
ROUND CACTUS CANDLE,541.45
ROUND CAKE TIN VINTAGE GREEN,5580.58
ROUND CAKE TIN VINTAGE RED,9418.33
ROUND CONTAINER SET OF 5 RETROSPOT,7425.249999999999
ROUND FOOD CONTAINER S/5 RETROSPOT,59.39999999999999
ROUND GEORGIAN SILVER MIRROR,419.25000000000006
ROUND PINK HEART MIRROR,491.40000000000003
ROUND PURPLE CLOCK W/SUCKER,68.9
ROUND PURPLE CLOCK WITH SUCKER,69.73
"ROUND SNACK BOXES ,SET 4, FRUITS ",247.8
"ROUND SNACK BOXES ,SET4, WOODLAND ",194.70000000000002
ROUND SNACK BOXES SET OF 4 FRUITS ,37966.840000000004
ROUND SNACK BOXES SET OF 4 SKULLS,7537.950000000001
ROUND SNACK BOXES SET OF4 WOODLAND ,40883.57
ROUND STORAGE TIN VINTAGE LEAF,1552.5099999999998
ROUND WHITE CONFETTI IN TUBE,262.34999999999997
RUBY DROP CHANDELIER EARRINGS,67.5
RUBY GLASS CLUSTER BRACELET,220.15
RUBY GLASS CLUSTER EARRINGS,2.5
RUBY GLASS CLUSTER NECKLACE,82.5
RUSSIAN FOLKART STACKING TINS,4.95
RUSTIC  SEVENTEEN DRAWER SIDEBOARD,6365.0
RUSTIC MIRROR WITH LACE HEART,2155.51
RUSTIC STRAWBERRY JAM POT LARGE ,531.84
RUSTIC STRAWBERRY JAM POT SMALL,641.9999999999999
RUSTIC STRAWBERRY JAMPOT LARGE ,238.56
RUSTIC STRAWBERRY JAMPOT SMALL,59.39999999999999
"RUSTIC WOODEN CABINET, GLASS DOORS",3362.5699999999997
S/12 MINI RABBIT EASTER,728.2499999999999
S/12 VANILLA  BOTANICAL T-LIGHTS,1814.4000000000003
S/15 SILVER GLASS BAUBLES IN BAG,2486.81
S/16 BLACK SHINY/MAT BAUBLES,20.16
S/16 VINTAGE BLACK CUTLERY,2278.0499999999997
S/16 VINTAGE IVORY CUTLERY,3471.0
S/16 VINTAGE PISTACHIO CUTLERY,2482.0499999999997
S/16 VINTAGE RED CUTLERY,2836.95
S/16 VINTAGE ROSE CUTLERY,1652.55
S/16 VINTAGE SKY BLUE CUTLERY,624.75
S/2 BEACH HUT STOOLS,214.65
S/2 BEACH HUT TREASURE CHESTS,671.65
S/2 HYACINTH BULB CANDLES,2.55
S/2 ZINC HEART DESIGN PLANTERS,909.4
S/3 COLOURS FLOCK TEA TOWELS,2.55
S/3 ENGLISH LAVENDER SQU CANDLE,18.15
S/3 FLWR FAIRY LAVENDER CANDLES,949.95
S/3 FLWR FAIRY LILLY CANDLES,666.9000000000001
S/3 FLWR FAIRY ROSE CANDLES,99.9
S/3 FLWR FAIRY SUMMER CANDLES,302.40000000000003
S/3 FRENCH VANILLA SQU CANDLE,42.9
S/3 PINK COL METAL BASKET W HANDLE,900.3000000000001
S/3 PINK SQUARE PLANTERS ROSES,383.24999999999994
S/3 POT POURI CUSHIONS BLUE COLOURS,96.60000000000001
S/3 PUPPIES CHRISTMAS DECORATIONS,174.05
S/3 RABBIT FLOWER/EGG/CARROT ROPE,104.55
S/3 ROSE GARDEN SCENT SQU CANDLE,1.65
S/3 TEAR DROP CUT GLASS DECORATION,321.5
S/4 BLACK DINNER CANDLE SILVER FLOC,684.36
S/4 BLACK DISCO PARTITION PANEL,12.75
S/4 BLACK LOVEBIRD COASTERS,25.499999999999996
S/4 BLACK MINI ROSE CANDLE IN BOWL,276.21999999999997
S/4 BLUE DINNER CANDLE SILVER FLOCK,526.8000000000001
S/4 BLUE ROUND DECOUPAGE BOXES,4448.09
S/4 BURGUNDY WINE DINNER CANDLES,453.33
S/4 CACTI CANDLES,5924.67
S/4 CONTEMPORY PINK ROSEBUD CANDLES,16.8
S/4 CONTEMPORY RED ROSEBUD CANDLES,10.9
S/4 FESTIVE GREEN DINNER CANDLES,378.33
S/4 FESTIVE RED DINNER CANDLES,292.5
S/4 GROOVY CAT MAGNETS,379.61999999999995
"S/4 ICON COASTER,ELVIS LIVES",44.36
S/4 IVORY MINI ROSE CANDLE IN BOWL,1496.6799999999998
S/4 PINK DINNER CANDLE SILVER FLOCK,468.87
S/4 PINK FLOWER CANDLES IN BOWL,3169.0399999999995
S/4 PISTACHIO LOVEBIRD COASTERS,97.94999999999999
S/4 PURPLE DINNER CANDLE BLK FLOCK,662.6700000000001
S/4 ROSE    BOTANICAL  CANDLE,469.5
S/4 ROSE PINK DINNER CANDLES,161.85
S/4 SKY BLUE DINNER CANDLES,151.85
S/4 VALENTINE DECOUPAGE HEART BOX,3728.65
S/5 MINI ICE CREAM FRIDGE MAGNETS,625.1999999999999
S/6 CHRISTMAS TREE PLACE SETTING,3.75
"S/6 HALLOWEEN GHOST T LIGHTS, 5CM H",435.12
S/6 MULTICOLOUR ORNAMENETAL CANDLE,177.6
S/6 PAPER BOXES BLOSSOM IMAGES ,63.75
S/6 PAPER BOXES CURIOUS IMAGES ,127.2
S/6 PAPER BOXES ROMANTIC IMAGES,63.75
S/6 PINK EASTER DECS IN BOX,89.25
S/6 SCANDINAVIAN HEART T-LIGHT,2.55
S/6 SEW ON CROCHET FLOWERS,207.5
S/6 SILVER ORNAMENETAL CANDLE,82.45
S/6 WOODEN SKITTLES IN COTTON BAG,9489.36
S/60 PINK FLUFFY CHICKS IN BOX,181.64999999999998
SALLE DE BAIN HOOK,2739.36
SALT AND PEPPER SHAKERS TOADSTOOLS,477.57
SANDALWOOD FAN,2863.35
SANDALWOOD INCENSE IN TIN,20.0
SANDWICH BATH SPONGE,3324.5
SAVE THE PLANET COTTON TOTE BAG,4709.25
SAVE THE PLANET MUG,12722.380000000001
SAVOY ART DECO CLOCK,3265.2999999999997
SCALLOP SHELL SOAP DISH,779.4
SCANDINAVIAN 3 HEARTS NAPKIN RING,585.8000000000001
SCANDINAVIAN PAISLEY PICNIC BAG,7302.76
SCANDINAVIAN REDS RIBBONS,7651.2300000000005
SCENTED CANDLE IN DIGITALIS TIN,512.4000000000001
SCENTED VELVET LOUNGE CANDLE ,1833.57
SCHOOL DESK AND CHAIR ,1459.75
SCOTTIE DOG HOT WATER BOTTLE,44368.05
SCOTTIE DOGS BABY BIB,761.39
SCOTTIE DOGS CHILDRENS OVERALL,6.300000000000001
SCOTTIES CHILDRENS APRON,667.35
SCOTTIES DES CHILD'S APRON,394.34999999999997
SCOTTIES DESIGN BABY BIB,127.5
SCOTTIES DESIGN CHILD'S OVERALL,92.4
SCOTTIES DESIGN WASHBAG,614.25
SCOTTS ROSES TILE COASTER,67.5
SCULPTED ROUND IVORY CANDLE ,9.24
SEAGRASS S/2 CORNER LAUNDRY ,51.9
SEAGRASS S/3 SQU LAUNDRY BOX,110.0
SEASIDE FLYING DISC,1342.1
SEASIDE FRISBEE ,360.51
SEASIDE STRIPE HAMMOCK,1387.05
SET 10 CARDS HANGING BAUBLES 17080,2.99
SET 10 LIGHTS NIGHT OWL,9363.1
SET 10 NIGHT OWL LIGHTS,2517.09
SET 12 COLOUR PENCILS DOILEY,31.200000000000003
SET 12 COLOUR PENCILS DOLLY GIRL ,1398.3500000000001
SET 12 COLOUR PENCILS LOVE LONDON,992.7500000000001
SET 12 COLOUR PENCILS SPACEBOY ,1807.8500000000001
SET 12 COLOURING PENCILS DOILEY,0.65
SET 12 COLOURING PENCILS DOILY,1179.7
SET 12 KIDS  WHITE CHALK STICKS,3252.84
SET 12 KIDS COLOUR  CHALK STICKS,5735.38
SET 12 LAVENDER  BOTANICAL T-LIGHTS,4174.650000000001
SET 12 PEAR BOTANICAL T-LIGHTS,1514.0
SET 12 RETRO WHITE CHALK STICKS,4267.42
SET 12 VINTAGE DOILY CHALK ,523.74
SET 12 WILDFLOWER BOTANICAL T-LIGHT,1912.6000000000001
SET 2 PANTRY DESIGN TEA TOWELS,8323.17
SET 2 TEA TOWELS I LOVE LONDON ,5859.25
SET 20 NAPKINS FAIRY CAKES DESIGN ,3966.71
SET 3 JARDIN DE FEMME SCENT CANDLES,499.81
SET 3 PAPER VINTAGE CHICK PAPER EGG,4881.150000000001
"SET 3 RED SPOT TIN TEA,COFFEE,SUGAR",6624.900000000001
"SET 3 RETROSPOT TEA,COFFEE,SUGAR",9617.27
SET 3 SONG BIRD PAPER EGGS ASSORTED,3230.55
SET 3 WICKER LOG BASKETS,7360.05
SET 3 WICKER OVAL BASKETS W LIDS,6404.82
SET 3 WICKER STORAGE BASKETS ,3712.2999999999997
SET 36 COLOUR PENCILS DOILEY,80.0
SET 36 COLOUR PENCILS DOLLY GIRL,1522.72
SET 36 COLOUR PENCILS LOVE LONDON,1053.29
SET 36 COLOUR PENCILS SPACEBOY ,1783.97
SET 36 COLOURING PENCILS DOILEY,1.25
SET 36 COLOURING PENCILS DOILY,1568.8600000000001
SET 4 EASTER DECOUPAGE OVAL BOXES,41.300000000000004
SET 4 NURSERY DES ROUND BOXES,1280.45
SET 4 PICNIC CUTLERY BLUEBERRY,159.9
SET 4 PICNIC CUTLERY CHERRY ,138.45
SET 4 PICNIC CUTLERY FONDANT,126.75
SET 4 VALENTINE DECOUPAGE HEART BOX,450.38
SET 40 HEART SHAPE PETIT FOUR CASES,6677.0
SET 5 MINI CHOCOLATE FRIDGE MAGNETS,82.44
SET 5 MINI DOUGHNUT FRIDGE MAGNET ,295.08000000000004
SET 5 MINI GATEAUX  FRIDGE MAGNETS,918.6800000000001
SET 6 FOOTBALL CELEBRATION CANDLES,2144.02
SET 6 PAPER TABLE LANTERN HEARTS ,8129.43
SET 6 PAPER TABLE LANTERN STARS ,6739.63
SET 6 SCHOOL MILK BOTTLES IN CRATE,7510.29
SET 7 BABUSHKA NESTING BOXES,28023.09
SET 72 CAKE CASES VINTAGE CHRISTMAS,291.6
SET 8 CANDLES VINTAGE DOILEY,216.29999999999998
SET 8 CANDLES VINTAGE DOILY,1941.75
SET OF 10 LANTERNS FAIRY LIGHT STAR,2264.7400000000002
SET OF 10 LED DOLLY LIGHTS,12985.23
SET OF 12  VINTAGE POSTCARD SET,2267.4700000000003
SET OF 12 FAIRY CAKE BAKING CASES,6469.45
SET OF 12 FORK CANDLES,3319.35
SET OF 12 LILY BOTANICAL T-LIGHTS,2122.4500000000003
SET OF 12 MINI BUNNIES IN A BUCKET,963.66
SET OF 12 MINI LOAF BAKING CASES,4675.61
SET OF 12 ROSE BOTANICAL T-LIGHTS,4455.6
SET OF 12 T-LIGHTS VINTAGE DOILEY,118.94999999999999
SET OF 12 T-LIGHTS VINTAGE DOILY,1721.6999999999998
SET OF 16 VINTAGE BLACK CUTLERY,1404.81
SET OF 16 VINTAGE IVORY CUTLERY,51.0
SET OF 16 VINTAGE PISTACHIO CUTLERY,1848.75
SET OF 16 VINTAGE RED CUTLERY,1171.92
SET OF 16 VINTAGE ROSE CUTLERY,2700.8999999999996
SET OF 16 VINTAGE SKY BLUE CUTLERY,1333.8
SET OF 2 CERAMIC CHRISTMAS REINDEER,1981.6299999999999
SET OF 2 CERAMIC CHRISTMAS TREES,1075.55
SET OF 2 CERAMIC PAINTED HEARTS ,1625.8999999999999
SET OF 2 CHRISTMAS DECOUPAGE CANDLE,1161.84
SET OF 2 FANCY FONT TEA TOWELS,3048.2500000000005
SET OF 2 ROUND TINS CAMEMBERT ,2363.63
SET OF 2 ROUND TINS DUTCH CHEESE,1805.2900000000002
SET OF 2 TEA TOWELS APPLE AND PEARS,8213.59
SET OF 2 TEA TOWELS PING MICROWAVE,425.92
SET OF 2 TINS JARDIN DE PROVENCE,2437.1
SET OF 2 TINS VINTAGE BATHROOM ,3554.0
SET OF 2 TRAYS HOME SWEET HOME,2446.62
SET OF 2 WOODEN MARKET CRATES,12248.25
SET OF 20 KIDS COOKIE CUTTERS,15209.070000000002
SET OF 20 VINTAGE CHRISTMAS NAPKINS,12525.56
SET OF 3 BABUSHKA STACKING TINS,5184.5
SET OF 3 BIRD L.BLUE FEATHER,349.2
SET OF 3 BIRD LIGHT PINK FEATHER ,1086.71
SET OF 3 BLACK FLYING DUCKS,5060.3
SET OF 3 BLUE STRIPE BASKET,3632.9700000000003
SET OF 3 BUTTERFLY COOKIE CUTTERS,11920.3
SET OF 3 CAKE TINS PANTRY DESIGN ,33347.8
SET OF 3 CAKE TINS SKETCHBOOK,3949.7200000000003
SET OF 3 CASES WOODLAND DESIGN,5304.6
SET OF 3 CHRISTMAS BRIAR CANDLES,614.1
SET OF 3 COLOURED  FLYING DUCKS,14751.800000000001
SET OF 3 CONEY ISLAND OVAL BOXES,981.6
SET OF 3 DANISH ROSE PLANTERS,1035.25
SET OF 3 GOLD FLYING DUCKS,1303.61
SET OF 3 HANGING OWLS OLLIE BEAK,4327.42
SET OF 3 HEART COOKIE CUTTERS,14022.84
SET OF 3 MINI HANGING PORTRAITS,123.2
SET OF 3 NOTEBOOKS IN PARCEL,14333.099999999999
SET OF 3 PANTRY WOODEN SPOONS,240.0
SET OF 3 PINK FLYING DUCKS,354.6
SET OF 3 RABBIT CARROTS EASTER,67.14999999999999
SET OF 3 RABBIT EGG EASTER,28.049999999999997
SET OF 3 RED STRIPE BASKETS,2769.44
SET OF 3 REGENCY CAKE TINS,26625.68
SET OF 3 SILVER FLYING DUCKS,388.4
SET OF 3 VINTAGE TEA TIME BOXES,376.35
SET OF 3 WICKER BASKET ROSE,561.8
SET OF 3 WICKER BASKET TEA AND CAKE,332.6
SET OF 3 WOODEN HEART DECORATIONS,4829.08
SET OF 3 WOODEN SLEIGH DECORATIONS,2400.45
SET OF 3 WOODEN STOCKING DECORATION,2543.39
SET OF 3 WOODEN TREE DECORATIONS,2172.46
SET OF 36 DINOSAUR PAPER DOILIES,1451.4499999999998
SET OF 36 DOILIES PANTRY DESIGN,3761.9199999999996
SET OF 36 DOILIES SPACEBOY DESIGN ,1637.6499999999999
SET OF 36 DOILIES VINTAGE CHRISTMAS,557.4
SET OF 36 DOLLY GIRL PAPER DOILIES,60.9
SET OF 36 MUSHROOM PAPER DOILIES,2262.6
SET OF 36 PAISLEY FLOWER DOILIES,9379.31
SET OF 36 PANTRY PAPER DOILIES,58.019999999999996
SET OF 36 SILVER PAPER DOILIES,648.15
SET OF 36 SPACEBOY PAPER DOILIES,72.5
SET OF 36 TEATIME PAPER DOILIES,11028.83
SET OF 36 VINTAGE CHRISTMAS DOILIES,39.15
SET OF 4 BLACK LOVEBIRD COASTERS,374.54
SET OF 4 CAROUSEL PLACEMATS ,179.81
SET OF 4 DIAMOND NAPKIN RINGS,2722.47
SET OF 4 DOTTY PLACEMATS ,183.3
SET OF 4 ENGLISH ROSE COASTERS,2708.04
SET OF 4 ENGLISH ROSE PLACEMATS,3869.09
SET OF 4 FAIRY CAKE PLACEMATS,1680.3
SET OF 4 FAIRY CAKE PLACEMATS ,1589.7
SET OF 4 FAIRY CAKES COASTERS ,1305.8
SET OF 4 GREEN CAROUSEL COASTERS,67.8
SET OF 4 JAM JAR MAGNETS,4986.49
SET OF 4 KNICK KNACK TINS  DOILEY ,24.900000000000002
SET OF 4 KNICK KNACK TINS DOILEY ,7136.85
SET OF 4 KNICK KNACK TINS DOILY ,9270.5
SET OF 4 KNICK KNACK TINS LEAF,2975.0
SET OF 4 KNICK KNACK TINS LEAVES ,1237.2
SET OF 4 KNICK KNACK TINS LONDON ,7170.6
SET OF 4 KNICK KNACK TINS POPPIES,3188.05
SET OF 4 NAPKIN CHARM CUTLERY,45.9
SET OF 4 NAPKIN CHARMS 3 KEYS ,640.02
SET OF 4 NAPKIN CHARMS CROWNS ,665.62
SET OF 4 NAPKIN CHARMS CUTLERY,4538.11
SET OF 4 NAPKIN CHARMS HEARTS,3842.52
SET OF 4 NAPKIN CHARMS INSTRUMENT,581.27
SET OF 4 NAPKIN CHARMS INSTUMENT   ,30.599999999999998
SET OF 4 NAPKIN CHARMS LEAVES   ,906.7299999999999
SET OF 4 NAPKIN CHARMS STARS   ,2258.75
SET OF 4 NEW ENGLAND COASTERS ,417.5
SET OF 4 NEW ENGLAND PLACEMATS,2298.0
SET OF 4 PANTRY JELLY MOULDS,14180.17
SET OF 4 PASTEL STACKING MUGS,33.15
SET OF 4 PISTACHIO LOVEBIRD COASTER,394.11
SET OF 4 POLKADOT COASTERS,148.67
SET OF 4 POLKADOT PLACEMATS ,344.55
SET OF 4 POLKADOTS COASTERS,132.45
SET OF 4 ROSE BOTANICAL CANDLES,1511.25
SET OF 4 SANTA PLACE SETTINGS,1427.34
SET OF 5 LUCKY CAT MAGNETS ,5121.4800000000005
SET OF 5 MINI GROCERY MAGNETS,3311.78
SET OF 5 PANCAKE DAY MAGNETS,4620.97
SET OF 6 3D KIT CARDS FOR KIDS,2251.18
SET OF 6 CAKE CHOPSTICKS,2309.56
SET OF 6 DOTS CHOPSTICKS,197.05
SET OF 6 EASTER RAINBOW CHICKS,15.0
SET OF 6 FUNKY BEAKERS,1808.5400000000002
SET OF 6 GIRLS CELEBRATION CANDLES,2169.18
SET OF 6 HALLOWEEN GHOST T-LIGHTS,488.03999999999996
SET OF 6 HEART CHOPSTICKS,1749.42
SET OF 6 HERB TINS SKETCHBOOK,3705.8900000000003
SET OF 6 ICE CREAM SKITTLES,684.4000000000001
SET OF 6 KASHMIR FOLKART BAUBLES,2580.4
SET OF 6 NATIVITY MAGNETS ,5058.59
SET OF 6 RIBBONS COUNTRY STYLE,449.96
SET OF 6 RIBBONS PARTY,458.63
SET OF 6 RIBBONS PERFECTLY PRETTY  ,684.05
SET OF 6 RIBBONS VINTAGE CHRISTMAS,21514.48
SET OF 6 SNACK LOAF BAKING CASES,3360.18
SET OF 6 SOLDIER SKITTLES,14443.3
SET OF 6 SPICE TINS PANTRY DESIGN,20553.7
SET OF 6 STRAWBERRY CHOPSTICKS,2717.79
SET OF 6 T-LIGHTS CACTI ,2328.63
SET OF 6 T-LIGHTS EASTER CHICKS,1119.5500000000002
SET OF 6 T-LIGHTS SANTA,7322.210000000001
SET OF 6 T-LIGHTS SNOWMEN,6391.9800000000005
SET OF 6 T-LIGHTS TOADSTOOLS,3364.84
SET OF 6 T-LIGHTS WEDDING CAKE ,1085.3000000000002
SET OF 6 TEA TIME BAKING CASES,5687.150000000001
SET OF 6 VINTAGE NOTELETS KIT,1472.7
SET OF 60 I LOVE LONDON CAKE CASES ,3729.05
SET OF 60 PANTRY DESIGN CAKE CASES ,5982.09
SET OF 60 VINTAGE LEAF CAKE CASES ,3098.21
SET OF 72 BLACK PAPER DOILIES ,176.89999999999998
SET OF 72 GREEN PAPER DOILIES,854.05
SET OF 72 IVORY PAPER DOILIES,2579.6499999999996
SET OF 72 PINK HEART PAPER DOILIES,10852.65
SET OF 72 RETRO SPOT PAPER  DOILIES,10423.199999999999
SET OF 72 RETROSPOT PAPER  DOILIES,10338.07
SET OF 72 SKULL PAPER  DOILIES,3217.2999999999997
SET OF 9 BLACK SKULL BALLOONS,5238.4
SET OF 9 HEART SHAPED BALLOONS,5923.04
SET OF MEADOW  FLOWER STICKERS,375.65000000000003
SET OF PICTURE FRAME  STICKERS,622.19
SET OF RED SALAD SERVERS ,597.49
SET OF SALT AND PEPPER TOADSTOOLS,3811.7400000000002
SET OF SIX SILVER+RED FLOCK BAUBLES,1.7
SET OF SKULL WALL STICKERS,956.4000000000001
SET OF TEA COFFEE SUGAR TINS PANTRY,22133.83
SET OF THREE 50'S GIFT WRAPS ,1051.5
SET OF THREE VINTAGE GIFT WRAPS,5204.099999999999
SET/10 BLUE POLKADOT PARTY CANDLES,6204.87
SET/10 BLUE SPOTTY PARTY CANDLES,5926.35
SET/10 IVORY POLKADOT PARTY CANDLES,1687.06
SET/10 IVORY SPOTTY PARTY CANDLES,1558.38
SET/10 PINK POLKADOT PARTY CANDLES,8255.39
SET/10 PINK SPOTTY PARTY CANDLES,6970.38
SET/10 RED POLKADOT PARTY CANDLES,10708.77
SET/10 RED SPOTTY PARTY CANDLES,7838.16
SET/12 FUNKY FELT FLOWER PEG IN BAG,720.84
SET/12 TAPER CANDLES,829.5899999999999
SET/12 ZINC CHRISTMAS DECORATIONS,191.10000000000002
SET/16 WHITE SHINY & MATT BAUBLES,47.04
SET/2 BLUE  NOODLE BASKETS,113.1
SET/2 CHRISTMAS DECOUPAGE CANDLES,50.0
SET/2 RED RETROSPOT TEA TOWELS ,8887.26
SET/2 RED SPOTTY TEA TOWELS ,7239.900000000001
SET/2 SPOTTY + ROSE TEA TOWELS ,2.55
SET/2 TEA TOWELS MODERN VINTAGE,2.55
SET/20 COLLAGE PAPER NAPKIN ,585.52
SET/20 FRUIT SALAD PAPER NAPKINS ,1767.6999999999998
SET/20 POSIES PAPER NAPKINS,3.4
SET/20 RED RETROSPOT PAPER NAPKINS ,11772.289999999999
SET/20 RED SPOTTY PAPER NAPKINS ,11318.71
SET/20 STRAWBERRY PAPER NAPKINS ,5120.719999999999
SET/20 WOODLAND PAPER NAPKINS ,1993.08
SET/3 CHRISTMAS BRIAR CANDLES,330.0
SET/3 CHRISTMAS DECOUPAGE CANDLES,1400.1499999999999
SET/3 COLOUR PAINTED KASHMIRI STOOL,179.85000000000002
SET/3 DECOUPAGE STACKING TINS,3097.9500000000003
SET/3 FLORAL GARDEN TOOLS IN BAG,2001.95
SET/3 OCEAN SCENT CANDLE JEWEL BOX,4016.26
SET/3 POLKA DOT STACKING TINS,1220.7
SET/3 POLKADOT STACKING TINS,507.90000000000003
SET/3 POT PLANT CANDLES,888.0500000000001
SET/3 RABBITS FLOWER SKIPPPING ROPE,215.89999999999998
SET/3 RED GINGHAM ROSE STORAGE BOX,15218.460000000001
SET/3 ROSE CANDLE IN JEWELLED BOX,3464.81
SET/3 RUSSIAN DOLL STACKING TINS,8864.300000000001
SET/3 TALL GLASS CANDLE HOLDER PINK,725.2
SET/3 VANILLA SCENTED CANDLE IN BOX,7492.41
SET/4 2 TONE EGG SHAPE MIXING BOWLS,569.53
SET/4 BADGES BALLOON GIRL,1087.94
SET/4 BADGES BEETLES,679.68
SET/4 BADGES CUTE CREATURES,602.14
SET/4 BADGES DOGS,684.56
SET/4 BADGES WOODLAND ANIMAL,569.5
SET/4 BIRD MIRROR MAGNETS ,496.25
SET/4 BLACK  BAROQUE FLOCK COASTER,51.0
SET/4 BLUE FLOWER CANDLES IN BOWL,3748.4999999999995
SET/4 BUTTERFLY MIRROR MAGNETS,580.7
SET/4 COLOURFUL MIXING BOWLS,901.4499999999999
SET/4 DAISY MIRROR MAGNETS,307.39
SET/4 GARDEN ROSE DINNER CANDLE,41.25
SET/4 MODERN VINTAGE COTTON NAPKINS,331.6
SET/4 PINK ORCHID CANDLES IN BOWL,2406.0299999999997
SET/4 RED MINI ROSE CANDLE IN BOWL,1098.6499999999999
SET/4 SCENTED CANDLES IN RAMEKINS,592.5
SET/4 SKULL BADGES,2492.4
SET/4 SPRING FLOWER DECORATION,1447.5500000000002
SET/4 WHITE RETRO STORAGE CUBES ,36259.65
SET/5 BLUE SPOTTY LID GLASS BOWLS,787.05
SET/5 RED RETROSPOT LID GLASS BOWLS,22435.18
SET/5 RED SPOTTY LID GLASS BOWLS,28548.7
SET/6  ANGEL T-LIGHTS WHITE/GOLD,282.96999999999997
SET/6 3D KIT CARDS FOR KIDS,414.54999999999995
SET/6 BEAD COASTERS GAUZE BAG GOLD,374.15
SET/6 BLACK BIRD T-LIGHT CANDLES,333.78000000000003
SET/6 BLACK GLITTER REINDEER CANDLE,3.36
SET/6 BLACK ROSE T-LIGHT CANDLES,82.81
SET/6 BLACK SNOWFLAKE T-LIGHTS ,202.33
SET/6 CHRISTMAS ICICLE T-LIGHTS,42.5
SET/6 COLLAGE PAPER CUPS,650.4000000000001
SET/6 COLLAGE PAPER PLATES,1049.47
SET/6 EAU DE NIL BIRD T-LIGHTS,624.23
SET/6 FROG PRINCE T-LIGHT CANDLES,1563.27
SET/6 FRUIT SALAD  PAPER PLATES,2576.59
SET/6 FRUIT SALAD PAPER CUPS,1723.3300000000002
SET/6 GARDEN GNOME T-LIGHT CANDLES,312.55
SET/6 GINGERBREAD STAR T-LIGHTS,418.75
SET/6 GINGERBREAD TREE T-LIGHTS,7.5
SET/6 GOLD REINDEER T-LIGHT CANDLES,225.55
SET/6 GREEN SPRING  PAPER PLATE,28.049999999999997
SET/6 GREEN SPRING PAPER CUPS,102.28
SET/6 IVORY BIRD T-LIGHT CANDLES,1380.42
SET/6 PINK  BUTTERFLY T-LIGHTS,10844.74
SET/6 PINK BIRD T-LIGHT CANDLES,774.29
SET/6 POSIES PAPER CUPS,123.22000000000001
SET/6 POSIES PAPER PLATES,205.7
SET/6 PURPLE BUTTERFLY T-LIGHTS,3805.44
SET/6 RED SPOTTY PAPER CUPS,9666.7
SET/6 RED SPOTTY PAPER PLATES,13455.179999999998
SET/6 SILVER REINDEER T-LIGHTS,254.8
SET/6 STRAWBERRY PAPER CUPS,1570.3
SET/6 STRAWBERRY PAPER PLATES,1504.94
SET/6 TURQUOISE BUTTERFLY T-LIGHTS,7104.89
SET/6 WOODLAND PAPER CUPS,1843.7700000000002
SET/6 WOODLAND PAPER PLATES,1817.16
SET/9 CHRISTMAS T-LIGHTS SCENTED ,867.64
SET3 BOOK BOX GREEN GINGHAM FLOWER ,10897.05
SEWING BOX RETROSPOT DESIGN ,4725.05
SEWING SUSAN 21 NEEDLE SET,1883.9999999999998
SHAKER THROW  QUILTED,811.8
SHELF WITH 4 HOOKS HOME SWEET HOME,2247.36
SHOE SHINE BOX ,2394.6499999999996
SHOPPING BAG DOORSTOP,104.25
"SILICON CUBE 25W, BLUE",5.04
SILICON STAR BULB  BLUE,13.44
SILK PURSE BABUSHKA BLUE,1558.7
SILK PURSE BABUSHKA PINK,2591.1800000000003
SILK PURSE BABUSHKA RED,2355.4
SILK PURSE RUSSIAN DOLL BLUE,1225.55
SILK PURSE RUSSIAN DOLL PINK,1456.15
SILK PURSE RUSSIAN DOLL RED,1854.25
SILVER  CANDLEPOT JARDIN ,1030.45
SILVER 2 STRAND NECKLACE-LEAF CHARM,60.0
SILVER AND BLACK ORBIT NECKLACE,2.95
SILVER APERITIF GLASS,290.72
SILVER BELLS TABLE DECORATION,2565.85
SILVER BLACK ORBIT BRACELET,49.5
SILVER BLACK ORBIT DROP EARRINGS,59.5
SILVER BLUE EGG T-LIGHT HOLDER,189.89000000000001
SILVER BOOK MARK WITH BEADS,66.3
SILVER BRACELET W PASTEL FLOWER,415.0
SILVER CHARM NECKLACE 70CM,465.0
SILVER CHERRY LIGHTS,338.45000000000005
SILVER CHRISTMAS TREE BAUBLE STAND ,3376.6499999999996
SILVER DIAMANTE PEN IN GIFT BOX,1119.3400000000001
SILVER DISCO HANDBAG,560.76
SILVER DROP EARRINGS WITH FLOWER,116.25
SILVER FABRIC MIRROR,437.66
SILVER FINCH DECORATION,206.39000000000001
SILVER FISHING GNOME ,730.15
SILVER FLOWR PINK SHELL NECKLACE,395.28000000000003
SILVER GLASS T-LIGHT SET,912.5300000000001
SILVER GLITTER FLOWER VOTIVE HOLDER,898.4
SILVER HANGING T-LIGHT HOLDER,18517.05
SILVER HANGING T-LIGHT HOLDER DOME,452.09999999999997
SILVER HEART COMPACT MIRROR,30.0
SILVER HEARTS TABLE DECORATION,1006.9499999999999
SILVER HOOP EARRINGS WITH FLOWER,297.5
SILVER JEWELLED MIRROR TRINKET TRAY,739.24
SILVER LARIAT 40CM,241.4
SILVER LARIAT BLACK STONE EARRINGS,106.25
SILVER LATTICE VANILLA CANDLE POT,1893.78
SILVER LOOKING MIRROR,69.30000000000001
SILVER M.O.P ORBIT BRACELET,158.4
SILVER M.O.P ORBIT DROP EARRINGS,148.75
SILVER M.O.P. ORBIT NECKLACE,23.6
SILVER MINI TAPE MEASURE ,1079.85
SILVER MONTE CARLO HANDBAG,68.0
SILVER MUG BONE CHINA TREE OF LIFE,2307.29
SILVER OVAL JEWELLED MIRROR,136.85
SILVER OVAL SHAPE TRINKET BOX,328.34999999999997
SILVER PHOTO FRAME,514.2
SILVER PLATE CANDLE BOWL LARGE,1634.58
SILVER PLATE CANDLE BOWL SMALL,2666.8
SILVER PURSE GOLD PINK BUTTERFLY,6.6
SILVER RECORD COVER FRAME,955.86
SILVER RETRODISC LAMPSHADE,1211.75
SILVER ROCCOCO CHANDELIER,1297.75
SILVER ROCOCO CANDELABRA,89.25
SILVER ROCOCO CANDLE STICK,643.95
SILVER SKULL HOT WATER BOTTLE ,673.86
SILVER SLEIGHBELL  WREATH,143.1
SILVER STANDING GNOME   ,321.25
SILVER STARS TABLE DECORATION,1574.6
SILVER T-LIGHT SETTING,1316.95
SILVER TEDDY BEAR,547.46
SILVER VANILLA  FLOWER CANDLE POT,1233.81
SILVER VANILLA FLOWER CANDLE POT,917.31
SILVER WASHBAG,88.50000000000001
SILVER WINE GOBLET,9.3
SILVER/AMETHYST DROP EARRINGS LEAF,85.55000000000001
SILVER/BLACK ORBIT NECKLACE,218.89999999999998
SILVER/BLACK PENDANT ORBIT NECKLACE,51.0
SILVER/CRYSTAL DROP EARRINGS W LEAF,53.10000000000001
SILVER/M.O.P PENDANT ORBIT NECKLACE,148.75
SILVER/MOP ORBIT NECKLACE,278.59999999999997
SILVER/NAT SHELL NECKLACE W PENDANT,23.8
SILVER/NATURAL SHELL NECKLACE,161.5
SINGLE ANTIQUE ROSE HOOK IVORY,2672.85
SINGLE HEART ZINC T-LIGHT HOLDER,15443.21
SINGLE WIRE HOOK IVORY HEART,1209.1499999999999
SINGLE WIRE HOOK PINK HEART,503.83
SIX DRAWER OFFICE TIDY,605.9499999999999
SIX STRING SCANDINAVIAN HEART DECS,244.85000000000002
SKETCHBOOK MAGNETIC SHOPPING LIST,1921.24
SKULL AND CROSSBONES  GARLAND ,5361.95
SKULL DESIGN TV DINNER TRAY,3092.5
SKULL LUNCH BOX WITH CUTLERY ,8730.3
SKULL LUNCHBOX WITH CUTLERY ,600.15
SKULL SHOULDER BAG,5198.6
SKULLS  DESIGN  COTTON TOTE BAG,1511.1499999999999
SKULLS  STICKERS,3824.47
SKULLS  WATER TRANSFER TATTOOS ,4645.4
SKULLS AND CROSSBONES WRAP,3716.3
SKULLS DESIGN FLANNEL,691.2
SKULLS GREETING CARD,1988.04
SKULLS PARTY BAG + STICKER SET,6297.049999999999
SKULLS SQUARE TISSUE BOX,587.0600000000001
SKULLS STORAGE BOX LARGE,928.1400000000001
SKULLS STORAGE BOX SMALL,713.4
SKULLS TAPE,405.88000000000005
SKULLS WRAP,1403.0
SKULLS WRITING SET ,2530.35
SKY BLUE COLOUR GLASS GEMS IN BAG,57.129999999999995
SLATE TILE NATURAL HANGING,5833.549999999999
SLEEPING CAT ERASERS,2051.34
SMALL APOTHECARY MEASURING JAR ,629.0500000000001
SMALL BLUE PROVENCAL CERAMIC BALL,145.2
SMALL BONNE JAM JAR  T-LIGHT HOLDER,795.6800000000001
SMALL CAMPHOR WOOD FIELD  MUSHROOM,506.30999999999995
SMALL CERAMIC TOP STORAGE JAR ,4184.179999999999
SMALL CHINESE STYLE SCISSOR,9838.98
SMALL CHOCOLATES PINK BOWL,1162.52
SMALL CHUNKY GLASS ROMAN  BOWL,1011.14
SMALL DECO JEWELLERY STAND,1831.65
SMALL DOLLY MIX DESIGN ORANGE BOWL,3356.44
SMALL FAIRY CAKE FRIDGE MAGNETS,6875.0
SMALL FOLDING SCISSOR(POINTED EDGE),423.46
SMALL FOLKART CHRISTMAS TREE DEC,34.620000000000005
SMALL FOLKART STAR CHRISTMAS DEC,694.35
SMALL GLASS HEART TRINKET POT,20903.86
SMALL GLASS ROSE SCENTED CANDLE,15.0
SMALL GLASS SUNDAE DISH CLEAR,1157.79
SMALL GREEN PEONY FOLDING STOOL,602.6
SMALL HAMMERED SILVER CANDLEPOT ,2608.3500000000004
SMALL HANGING GLASS+ZINC LANTERN,311.75
SMALL HANGING IVORY/RED WOOD BIRD,2269.61
SMALL HEART FLOWERS HOOK ,5168.86
SMALL HEART MEASURING SPOONS,4953.349999999999
SMALL IVORY HEART WALL ORGANISER,5069.58
SMALL JEWELLERY STAND,132.0
SMALL KITCHEN FLOWER POTS PLAQUE,714.2
SMALL LICORICE DES PINK BOWL,859.37
SMALL MARAKESH LANTERN ON STICK,210.0
SMALL MARAKESH METAL  LANTERN ,354.5
SMALL MARSHMALLOWS PINK BOWL,2635.59
SMALL MEDINA STAMPED METAL BOWL ,1298.81
SMALL ORIENTAL BLUE FOLDING STOOL,615.4
SMALL ORIENTAL RED FOLDING STOOL,540.75
SMALL PARISIENNE HEART PHOTO FRAME ,2125.1600000000003
SMALL PARLOUR FRAME,106.98000000000002
SMALL PARLOUR PICTURE FRAME,459.56
SMALL PINK GLASS SUNDAE DISH,693.15
SMALL PINK MAGIC CHRISTMAS TREE,850.53
SMALL PINK PEONY FOLDING STOOL,401.3
SMALL POLKADOT CHOCOLATE GIFT BAG ,1215.5
SMALL POP BOX FUNKY MONKEY,210.48
"SMALL POP BOX,FUNKY MONKEY",464.1
SMALL POPCORN HOLDER,33329.68
SMALL PURPLE BABUSHKA NOTEBOOK ,2663.7
SMALL RED BABUSHKA NOTEBOOK ,2668.96
SMALL RED RETROSPOT MUG IN BOX ,4142.26
SMALL RED RETROSPOT WINDMILL,5821.82
SMALL RED SPOT  WINDMILL,886.46
SMALL REGAL  SILVER CANDLEPOT ,1587.0000000000002
SMALL RETRO SPOT MUG IN BOX  RED,1192.5
SMALL RETRO SPOT MUG IN BOX  WHITE,1406.58
SMALL ROUND CUT GLASS CANDLESTICK,1242.75
SMALL SILVER FLOWER CANDLE POT,1748.6000000000001
SMALL SILVER TRELLIS CANDLEPOT,2306.9
SMALL SINGLE FLAME CANDLE HOLDER,17.849999999999998
SMALL SKULL WINDMILL,2290.28
SMALL SPOTTY CHOCOLATE GIFT BAG ,881.5699999999999
SMALL SQUARE CUT GLASS CANDLESTICK,752.4000000000001
SMALL STRIPES CHOCOLATE GIFT BAG ,1430.93
SMALL TAHITI BEACH BAG,1802.49
SMALL TALL CAMPHOR WOOD TOADSTOOL,603.15
SMALL WHITE HEART OF WICKER,6832.829999999999
SMALL WHITE RETROSPOT MUG IN BOX ,2892.87
SMALL WHITE/PINK ROSE ART FLOWER,299.54
SMALL YELLOW BABUSHKA NOTEBOOK ,1696.9399999999998
SMALL ZINC HEART WALL ORGANISER,5378.8
SMALL ZINC/GLASS CANDLEHOLDER,328.77
SMALLFOLKART BAUBLE CHRISTMAS DEC,884.46
SMOKEY GREY COLOUR D.O.F. GLASS,282.79
SMOKEY GREY COLOUR GLASS,57.99999999999999
SNACK TRAY HAPPY FOREST  ,216.45
SNACK TRAY I LOVE LONDON,280.05
SNACK TRAY PAISLEY PARK,305.4
SNACK TRAY RED GINGHAM,109.2
SNACK TRAY RED VINTAGE DOILY,346.34999999999997
SNOWFLAKE PORTABLE TABLE LIGHT ,2219.59
SNOWSTORM PHOTO FRAME FRIDGE MAGNET,1235.28
SOAP DISH BROCANTE,3141.55
SOFT PINK ROSE TOWEL ,530.1
SOLDIERS EGG CUP ,10860.220000000001
SOMBRERO ,12419.65
SPACE BOY BIRTHDAY CARD,338.82
SPACE BOY CHILDRENS CUP,143.3
SPACE BOY GIFT WRAP,325.5
SPACE CADET BLACK,157.41
SPACE CADET RED,286.12
SPACE CADET WHITE,226.73
SPACE FROG,293.5
SPACE OWL,502.37
SPACEBOY BEAKER,2975.75
SPACEBOY BIRTHDAY CARD,6555.98
SPACEBOY CHILDRENS BOWL,2757.15
SPACEBOY CHILDRENS CUP,2344.32
SPACEBOY CHILDRENS EGG CUP,1535.97
SPACEBOY GIFT WRAP,5656.14
SPACEBOY LUNCH BOX ,36862.29
SPACEBOY MINI BACKPACK,4163.55
SPACEBOY MINI RUCKSACK,53.95
SPACEBOY ROCKET LOLLY MAKERS,1175.68
SPACEBOY TV DINNER TRAY,3952.8900000000003
SPACEBOY WALL ART,885.9000000000001
SPHERICAL IVORY CANDLE ,34.44
SPOTS DESIGN MUG W PINK INSIDE,1139.34
SPOTS MUG,744.2999999999998
SPOTS ON RED BOOKCOVER TAPE,26.04
SPOTTED WHITE NATURAL SEED NECKLACE,101.75
SPOTTY  HOME SWEET HOME DOORMAT,3785.5
SPOTTY BUNTING,35539.25
SPOTTY COCKEREL DOORSTOP,4.25
SPOTTY COFFEE CUP & SAUCER,82.60000000000001
SPOTTY PINK DUCK DOORSTOP,2042.49
SPRIG LAVENDER ARTIFICIAL FLOWER,516.28
"SPRING DEC , HANGING CHICK  GREEN",1433.85
"SPRING DEC , HANGING CHICK  YELLOW",2018.6
"SPRING DEC , HANGING CHICK CREAM",2422.1
SPRING FLOWER CHOPSTICKS SET/5,1581.1499999999999
SQUARE CHERRY BLOSSOM CABINET,2281.2000000000003
SQUARE FLOOR CUSHION VINTAGE PINK ,39.75
SQUARE FLOOR CUSHION VINTAGE RED,785.0
SQUARE METAL CANDLEHOLDER BASE,112.05
SQUARE MINI PORTRAIT FRAME,520.9499999999999
SQUARE MIRROR CURTAIN,1434.18
SQUARECUSHION COVER PINK UNION FLAG,800.05
SQUARECUSHION COVER PINK UNION JACK,382.14
ST GEORGE SET OF 10 PARTY LIGHTS,150.45000000000002
ST TROPEZ NECKLACE,108.9
STANDING FAIRY POLE SUPPORT ,627.83
STANDING METAL RABBIT WITH EGG,1206.0
STAR  T-LIGHT HOLDER ,935.7499999999999
STAR DECORATION PAINTED ZINC ,1797.8100000000002
STAR DECORATION RUSTIC,2463.3
STAR PORTABLE TABLE LIGHT ,3852.4
STAR T-LIGHT HOLDER WILLIE WINKIE,1875.0599999999997
STAR WOODEN CHRISTMAS DECORATION,3878.74
STAR WREATH DECORATION WITH BELL,1923.19
STARFISH SOAP DISH,377.9
STARS GIFT TAPE ,1056.96
STEEL SWEETHEART ROUND TABLE CREAM,1878.9499999999998
STOOL HOME SWEET HOME ,2648.4
STOP FOR TEA WALL ART,2572.7
STORAGE TIN HOME SWEET HOME,435.43
STORAGE TIN VINTAGE DOILEY ,17.34
STORAGE TIN VINTAGE DOILY ,3548.39
STORAGE TIN VINTAGE LEAF,1955.13
STRAWBERRIES  DESIGN FLANNEL ,880.04
STRAWBERRIES PRINT BOWL,6.25
STRAWBERRY   PICNIC BAG,10629.0
STRAWBERRY BATH SPONGE ,4021.91
STRAWBERRY CAKE TEAPOT,79.2
STRAWBERRY CANDY BAG,524.25
STRAWBERRY CERAMIC TRINKET BOX,40675.380000000005
STRAWBERRY CERAMIC TRINKET POT,1314.54
STRAWBERRY CHARLOTTE BAG,11750.0
STRAWBERRY DREAM CHILDS UMBRELLA,1787.5
STRAWBERRY FAIRY CAKE TEAPOT,10731.4
STRAWBERRY HONEYCOMB  GARLAND ,2842.7999999999997
STRAWBERRY LUNCH BOX WITH CUTLERY,15454.189999999999
STRAWBERRY LUNCHBOX WITH CUTLERY,3241.7999999999997
STRAWBERRY RAFFIA FOOD COVER,4373.7
STRAWBERRY SCENTED SET/9 T-LIGHTS,662.4
STRAWBERRY SHOPPER BAG,6398.53
STRAWBERY SWIRL FLARE CANDLE,50.400000000000006
STRAWBRY SCENTED VOTIVE CANDLE,621.4499999999999
STRING CRYSTALS NATURAL,340.0
STRING OF 20 ROSE LIGHTS,2962.5
"STRING OF 8 BUTTERFLIES,PINK",579.3
STRING OF STARS CARD HOLDER,829.9500000000002
STRIPES DESIGN MONKEY DOLL,1622.85
STRIPES DESIGN TEDDY,428.4
STRIPEY CHOCOLATE NESTING BOXES,2063.4
STRIPY DESIGN SHOWER CAP,491.86999999999995
SUKI  SHOULDER BAG,7942.62
SUMMER BUTTERFLIES BAG CHARM,79.05
SUMMER DAISIES BAG CHARM,214.2
SUMMER FUN DESIGN SHOWER CAP,464.55999999999995
SUNFLOWER DECORATIVE PARASOL,1051.2
SUNSET CHECK HAMMOCK,2199.4500000000003
SUNSET COLOUR CHUNKY KNITTED THROW,881.4
SWALLOW CIGAR BOX MATCHES ,1629.31
SWALLOW GIANT TUBE MATCHES,2573.25
SWALLOW SMALL TUBE MATCHES,1.65
SWALLOW SQUARE TISSUE BOX,1214.22
SWALLOW WOODEN CHRISTMAS DECORATION,2640.37
SWALLOWS GREETING CARD,5084.13
SWEET HEART CAKE CARRIER,753.9999999999999
SWEET PUDDING STICKER SHEET,250.75
SWEET VALENCIA CANDLE+CUP,155.88
SWEETHEART 3 TIER CAKE STAND ,2174.1
SWEETHEART BIRD HOUSE,2950.05
SWEETHEART CAKESTAND 3 TIER,12583.15
SWEETHEART CARRY-ALL BASKET,2211.7
SWEETHEART CERAMIC TRINKET BOX,22152.0
SWEETHEART CREAM STEEL FOLDIN BENCH,4049.85
SWEETHEART CREAM STEEL FOLDIN CHAIR,14.95
SWEETHEART CREAM STEEL TABLE RECT,2972.5499999999997
SWEETHEART KEY CABINET,8302.95
SWEETHEART RECIPE BOOK STAND,9817.25
SWEETHEART WALL TIDY ,1007.0799999999999
SWEETHEART WIRE FRUIT BOWL,1870.1000000000001
SWEETHEART WIRE MAGAZINE RACK,2931.0
SWEETHEART WIRE WALL TIDY,2368.45
SWEETIES  STICKERS,902.6999999999999
SWIRLY CIRCULAR RUBBERS IN BAG,353.07
SWISS CHALET TREE DECORATION ,832.01
SWISS ROLL TOWEL PINK  SPOTS,1782.1799999999998
"SWISS ROLL TOWEL, CHOCOLATE  SPOTS",2553.55
"SWISS ROLL TOWEL, PINK  SPOTS",3214.05
T-LIGHT GLASS FLUTED ANTIQUE,10513.34
T-LIGHT HOLDER HANGING LACE,2356.02
T-LIGHT HOLDER HANGING LOVE BIRD,1988.13
T-LIGHT HOLDER SILVER HEART HANDLE,370.79999999999995
T-LIGHT HOLDER SILVER PETIT FOUR ,228.75
T-LIGHT HOLDER SILVER SAUCER,38.029999999999994
T-LIGHT HOLDER SWEETHEART HANGING,2362.29
T-LIGHT HOLDER WHITE LACE,775.5699999999999
TABLE LAMP WHITE SHADE WOOD BASE,1070.8500000000001
TABLECLOTH RED APPLES DESIGN ,4929.95
TALL ROCOCO CANDLE HOLDER,1051.5
TEA BAG PLATE RED RETROSPOT,4239.19
TEA BAG PLATE RED SPOTTY ,5500.2699999999995
TEA COSY BLUE STRIPE,1273.3899999999999
TEA COSY RED  STRIPE,2858.58
TEA COSY VINTAGE UNION JACK,3885.93
TEA CUP AND SAUCER RETRO SPOT,2241.48
TEA FOR ONE POLKADOT,2493.7599999999998
TEA PARTY  WRAPPING PAPER ,2603.0
TEA PARTY BIRTHDAY CARD,4461.17
TEA TIME BREAKFAST BASKET,359.1
TEA TIME CAKE STAND IN GIFT BOX,23827.8
TEA TIME DES TEA COSY,3725.8599999999997
TEA TIME KITCHEN APRON,11511.720000000001
TEA TIME MUG IN GIFT BOX,2312.7000000000003
TEA TIME OVEN GLOVE,6110.37
TEA TIME PAPER LANTERNS,634.4
TEA TIME PARTY BUNTING,24414.3
TEA TIME TABLE CLOTH,8916.78
TEA TIME TEA SET IN GIFT BOX,3047.9
TEA TIME TEA TOWELS ,13366.3
TEA TIME TEAPOT IN GIFT BOX,6166.57
TEACUP AND SAUCER REGENCY GREEN,472.5
TEACUP AND SAUCER REGENCY PINK,384.0
TEACUP AND SAUCER REGENCY ROSES,566.7
TEAL/FUSCHIA COL BEAD NECKLACE,89.1
TEATIME CAKE TIN WITH HANDLE,2178.45
TEATIME FUNKY FLOWER BACKPACK FOR 2,118.65
TEATIME GEL PENS ASST,542.88
TEATIME PEN CASE & PENS,1047.78
TEATIME PENCIL W STAMP ASST,82.2
TEATIME PENCIL WITH RUBBER,30.5
TEATIME PUSH DOWN RUBBER,249.35
TEATIME ROUND CAKE TINS ,39.8
TEATIME ROUND PENCIL SHARPENER ,498.78
TEXRIO TOMATOES CANDLE+CUP,149.19
THE KING GIFT BAG,553.7900000000001
THE KING GIFT BAG 25x24x12cm,36.12
THREE CANVAS LUGGAGE TAGS,145.81
THREE MINI HANGING FRAMES,556.1
TIGRIS EYE CHUNKY CHARM BRACELET,268.5
TIN CAN BISCUITS DESIGN,60.0
TIN CAN CONFECTIONERY DESIGN,15.0
TIN CAN HOUSEKEEPING DESIGN,30.0
TIN CAN KINGS CHOICE DESIGN,45.0
TIN CAN POCKET MONEY DESIGN,30.0
TINY CRYSTAL BRACELET BLUE,45.9
TINY CRYSTAL BRACELET GREEN,58.65
TINY CRYSTAL BRACELET RED,45.9
TINY CRYSTALS BRACELET BLACK,15.299999999999999
TOADSTOOL BEDSIDE LIGHT ,2198.6
TOADSTOOL MONEY BOX,5289.750000000001
TOAST ITS - BEST MUM,2866.1
TOAST ITS - DINOSAUR,1642.92
TOAST ITS - FAIRY FLOWER,1433.45
TOAST ITS - HAPPY BIRTHDAY,1296.55
TOAST ITS - I LOVE YOU ,4072.15
TOILET METAL SIGN,4394.62
TOILET SIGN OCCUPIED OR VACANT,2837.5699999999997
TOMATO CHARLIE+LOLA COASTER SET,2509.54
TOOL BOX SOFT TOY ,3041.79
TOOTHPASTE TUBE PEN,1100.45
TOP SECRET PEN SET,1235.4499999999998
TOTE BAG I LOVE LONDON,3257.44
TOXIC AREA  DOOR HANGER ,1478.57
TOY TIDY DOLLY GIRL DESIGN,2491.18
TOY TIDY PINK POLKADOT,8919.58
TOY TIDY PINK RETROSPOT  ,8403.6
TOY TIDY SPACEBOY  ,9102.8
TOYBOX  WRAP ,740.42
TRADITIONAL CHRISTMAS RIBBONS,7388.08
TRADITIONAL KNITTING NANCY,12833.169999999998
TRADITIONAL MODELLING CLAY,17279.14
TRADITIONAL NAUGHTS & CROSSES,3330.5999999999995
TRADITIONAL PICK UP STICKS GAME ,2307.5
TRADITIONAL WOODEN CATCH CUP GAME ,8959.42
TRADITIONAL WOODEN SKIPPING ROPE,14745.53
TRADTIONAL ALPHABET STAMP SET,4531.95
TRANQUILITY MASALA INCENSE,92.82
TRANSPARENT ACRYLIC TAPE DISPENSER,258.36
TRAVEL CARD WALLET FLOWER MEADOW,712.14
TRAVEL CARD WALLET I LOVE LONDON,1788.72
TRAVEL CARD WALLET KEEP CALM,4693.4
TRAVEL CARD WALLET PANTRY,783.68
TRAVEL CARD WALLET RETRO PETALS,624.36
TRAVEL CARD WALLET RETROSPOT,883.5
TRAVEL CARD WALLET SKULLS,871.32
TRAVEL CARD WALLET SUKI,936.24
TRAVEL CARD WALLET TRANSPORT,1275.6
TRAVEL CARD WALLET UNION JACK,1059.9
TRAVEL CARD WALLET VINTAGE LEAF,581.7
TRAVEL CARD WALLET VINTAGE ROSE ,225.78
TRAVEL CARD WALLET VINTAGE TICKET,1880.16
TRAVEL SEWING KIT,15239.31
"TRAY FOR TV DINNER , DOLLY GIRL",29.700000000000003
"TRAY FOR TV DINNER ,SPACEBOY",29.700000000000003
"TRAY, BREAKFAST IN BED",4066.6499999999996
TREASURE AHOY WALL ART,833.46
TREASURE ISLAND BOOK BOX,5036.55
TREASURE TIN BUFFALO BILL ,2898.56
TREASURE TIN GYMKHANA DESIGN,4099.52
TREE OF NOAH FESTIVE SCENTED CANDLE,40.300000000000004
TREE T-LIGHT HOLDER WILLIE WINKIE,522.7399999999999
TRELLIS FLOWER CHOPSTICKS SET/5,46.8
TRIANGULAR POUFFE VINTAGE ,1539.35
TRIANGULAR RIDGED GLASS POSY HOLDER,475.1
TRIPLE HOOK ANTIQUE IVORY ROSE,2535.89
TRIPLE PHOTO FRAME CORNICE ,9204.779999999999
TRIPLE WIRE HOOK IVORY HEART,658.5400000000001
TRIPLE WIRE HOOK PINK HEART,215.00000000000003
TROPICAL  HONEYCOMB PAPER GARLAND ,6018.6
TROPICAL HOLIDAY PURSE ,91.45000000000002
TROPICAL LUGGAGE TAG,536.64
TROPICAL PASSPORT COVER ,568.4300000000001
TUB 24 HANGING EASTER EGGS SPOTTY,1195.95
TUB 24 PINK FLOWER PEGS,722.6999999999999
TUMBLER BAROQUE,159.12
TUMBLER NEW ENGLAND,478.14
"TUMBLER, BAROQUE",392.01
"TUMBLER, ENGLISH ROSE",249.14999999999998
"TUMBLER, NEW ENGLAND",696.2399999999999
TURQ ICE CREAM BUM BAG ,405.05
TURQ PENDANT TRIPLE SHELL NECKLACE,34.650000000000006
TURQ STONE/CRYSTAL EARRINGS,44.25000000000001
TURQ+RED BOUDICCA LARGE BRACELET,562.95
TURQOISE ICE CREAM SUNHAT,304.09000000000003
TURQUOISE BERTIE GLASS BEAD CHARM,94.8
TURQUOISE CHRISTMAS TREE ,25.0
TURQUOISE CRYSTAL+GLASS BRACELET,188.10000000000002
TURQUOISE GLASS TASSLE BAG CHARM ,191.75000000000003
TURQUOISE HEART OF GLASS BRACELET,154.7
TUSCAN VILLA BIRD FEEDER,132.0
TUSCAN VILLA BIRD TABLE ,156.75
TUSCAN VILLA DOVECOTE,99.0
TUSCAN VILLA DOVECOTE BIRD FEEDER,299.25
TUSCAN VILLA FEEDING STATION,99.0
TV DINNER TRAY AIR HOSTESS ,2076.73
TV DINNER TRAY DOLLY GIRL,4664.070000000001
TV DINNER TRAY VINTAGE PAISLEY,2664.59
TWO DOOR CURIO CABINET,9350.4
TWO EMBOSSED HEART MINI DRAWERS,1544.2
This is a test product.,226.0
UBO-LIGHT TRIOBASE BLUE,4.25
UBO-LIGHT TRIOBASE PURPLE,4.25
UNION FLAG WINDSOCK,1187.98
UNION JACK FLAG LUGGAGE TAG,2114.65
UNION JACK FLAG PASSPORT COVER ,3098.1000000000004
UNION JACK GUNS & ROSES  DOORMAT,3744.2000000000003
UNION JACK HOT WATER BOTTLE ,3544.3500000000004
UNION STRIPE CUSHION COVER ,1469.7
UNION STRIPE WITH FRINGE  HAMMOCK,9671.74
URBAN BLACK RIBBONS ,1664.55
URBAN CHIC CHOPSTICKS SET/5,744.15
UTILTY CABINET WITH HOOKS,6186.540000000001
VANILLA CANDLE IN EMBOSSED ZINC POT,16.9
VANILLA INCENSE 40 CONES IN TIN,113.95
VANILLA INCENSE IN TIN,2213.32
VANILLA SCENT CAKE CANDLE ,218.88
VANILLA SCENT CANDLE JEWELLED BOX,5895.34
VANILLA SCENTED VOTIVE CANDLE,6.959999999999999
VEGETABLE GARDEN CHOPPING BOARD,327.6
VEGETABLE MAGNETIC  SHOPPING LIST,49.8
VENDETTA CANVAS PICTURE,7.5
VICTORIAN  METAL POSTCARD SPRING,8302.12
VICTORIAN GLASS HANGING T-LIGHT,46440.91
VICTORIAN METAL POSTCARD CHRISTMAS,582.4499999999999
VICTORIAN SEWING BOX LARGE,15975.63
VICTORIAN SEWING BOX MEDIUM,9765.14
VICTORIAN SEWING BOX SMALL ,13028.36
VICTORIAN SEWING KIT,5958.79
VILLAGE SHOW WALL ART,2072.42
VINTAGE  2 METER FOLDING RULER,2904.1199999999994
VINTAGE  2 METRE FOLDING RULER,2199.3399999999997
VINTAGE BEAD CHAISE LONG JEWEL BOX,21.5
VINTAGE BEAD COSMETIC BAG ,1195.82
VINTAGE BEAD FILLED PINK CUSHION,59.400000000000006
VINTAGE BEAD NOTEBOOK,554.6
VINTAGE BEAD PINK EVENING BAG,770.88
VINTAGE BEAD PINK JEWEL BOX,216.75
VINTAGE BEAD PINK JEWEL STAND,14.850000000000001
VINTAGE BEAD PINK PURSE ,974.0699999999999
VINTAGE BEAD PINK SCARF ,612.7499999999999
VINTAGE BEAD PINK SHADE ,652.5
VINTAGE BELLS GARLAND,2246.56
VINTAGE BILLBOARD DRINK ME MUG,4523.96
VINTAGE BILLBOARD LOVE/HATE MUG,4165.45
VINTAGE BILLBOARD MUG ,1859.91
VINTAGE BILLBOARD TEA MUG,4973.150000000001
VINTAGE BLUE KITCHEN CABINET,9290.0
VINTAGE BLUE TINSEL REEL,210.42000000000002
VINTAGE CARAVAN GIFT WRAP,1458.82
VINTAGE CARAVAN GREETING CARD ,1618.3
VINTAGE CAT FOOD CONTAINER,218.14
VINTAGE CHRISTMAS BUNTING,12994.77
VINTAGE CHRISTMAS CAKE FRILL,3899.2499999999995
VINTAGE CHRISTMAS GIFT BAG LARGE ,2066.65
VINTAGE CHRISTMAS GIFT SACK,5527.150000000001
VINTAGE CHRISTMAS PAPER GIFT BAG,1241.6599999999999
VINTAGE CHRISTMAS STOCKING ,5564.25
VINTAGE CHRISTMAS TABLECLOTH,4663.52
VINTAGE COFFEE GRINDER BOX,490.65000000000003
VINTAGE COLLAGE  GREETING  CARD ,16.8
VINTAGE CREAM 3 BASKET CAKE STAND,15537.289999999999
VINTAGE CREAM CAT FOOD CONTAINER,5103.139999999999
VINTAGE CREAM DOG FOOD CONTAINER,8292.35
VINTAGE DESIGN GIFT TAGS,2.55
VINTAGE DOG FOOD CONTAINER,308.64
VINTAGE DOILY DELUXE SEWING KIT ,4218.7
VINTAGE DOILY JUMBO BAG RED ,8535.26
VINTAGE DOILY TRAVEL SEWING KIT,6747.9
VINTAGE DONKEY TAIL GAME ,6146.89
VINTAGE EMBOSSED HEART,1124.96
VINTAGE ENAMEL & CRYSTAL EARRINGS,108.9
VINTAGE ENAMEL & CRYSTAL NECKLACE,49.5
VINTAGE ENGRAVED HEART,75.0
VINTAGE GLASS COFFEE CADDY,1392.0
VINTAGE GLASS SUGAR CADDY,404.55
VINTAGE GLASS T-LIGHT HOLDER,1723.62
VINTAGE GLASS TEA CADDY,1285.0
VINTAGE GOLD TINSEL REEL,112.14
VINTAGE HEADS AND TAILS CARD GAME ,20204.53
VINTAGE JINGLE BELLS HEART,1864.5
VINTAGE JINGLE BELLS WREATH,610.5
VINTAGE KEEPSAKE BOX BEAUTY GIRL,38.1
VINTAGE KEEPSAKE BOX PARIS DAYS,326.04999999999995
VINTAGE KEEPSAKE BOX PINK FLOWER,215.89999999999998
VINTAGE KEEPSAKE BOX TRAVELOGUE,349.95
VINTAGE KID DOLLY CARD ,2645.41
VINTAGE KITCHEN PRINT FRUITS,1343.85
VINTAGE KITCHEN PRINT PUDDINGS,1382.85
VINTAGE KITCHEN PRINT SEAFOOD,1567.5
VINTAGE KITCHEN PRINT VEGETABLES,1714.2
VINTAGE LEAF CHOPPING BOARD  ,684.0000000000001
VINTAGE LEAF MAGNETIC NOTEPAD,2247.0
VINTAGE METAL CAKE STAND CREAM ,12.75
VINTAGE NOTEBOOK BEAUTY GIRL,233.05
VINTAGE NOTEBOOK FRENCH LETTER ,47.20000000000001
VINTAGE NOTEBOOK PARIS DAYS,631.6
VINTAGE NOTEBOOK PINK FLOWER,115.05000000000001
VINTAGE NOTEBOOK RED ROSE,129.8
VINTAGE NOTEBOOK TRAVELOGUE,620.0500000000001
VINTAGE PAISLEY STATIONERY SET,3489.84
VINTAGE PHOTO ALBUM PARIS DAYS,514.1999999999999
VINTAGE PINK DECORATIVE PARASOL,785.25
VINTAGE PINK TINSEL REEL ,27.3
VINTAGE POST OFFICE CABINET,8562.52
VINTAGE RED ENAMEL TRIM JUG ,2138.34
VINTAGE RED ENAMEL TRIM MUG ,1941.7
VINTAGE RED ENAMEL TRIM PLATE,1274.6999999999998
VINTAGE RED KITCHEN CABINET,12845.0
VINTAGE RED MUG,1438.71
VINTAGE RED TEATIME MUG,3312.7200000000003
VINTAGE RED TRIM ENAMEL BOWL ,1328.59
VINTAGE ROSE BEAD BRACELET BLACK,369.75
VINTAGE ROSE BEAD BRACELET BLUE,80.75
VINTAGE ROSE BEAD BRACELET RASPBERR,318.75
VINTAGE SEASIDE JIGSAW PUZZLES,3672.52
VINTAGE SHELLS PRINT,647.45
VINTAGE SNAKES & LADDERS,12337.97
VINTAGE SNAP CARDS,20458.789999999997
VINTAGE UNION JACK APRON,5818.29
VINTAGE UNION JACK BUNTING,54815.12
VINTAGE UNION JACK CUSHION COVER,18723.17
VINTAGE UNION JACK DOORSTOP,10077.23
VINTAGE UNION JACK MEMOBOARD,51465.619999999995
VINTAGE UNION JACK PENNANT,2790.45
VINTAGE UNION JACK SHOPPING BAG,4232.55
VINTAGE WOODEN BAR STOOL,1157.8999999999999
VINTAGE WOODEN PLATE RACK,659.1500000000001
VINTAGE ZINC PLANTER  ,75.67
VINTAGE ZINC WATERING CAN,119.39999999999999
VINTAGE ZINC WATERING CAN SMALL,79.2
VINYL RECORD FRAME SILVER,8923.81
VIP HOLIDAY PURSE,296.48
VIP LUGGAGE TAG ,91.25
VIP PASSPORT COVER ,73.5
VIPPASSPORT COVER ,849.08
WAKE UP COCKEREL CALENDAR SIGN ,472.38
WAKE UP COCKEREL TILE COASTER,270.59
WAKE UP COCKEREL TILE HOOK,124.17
WAKE UP COCKEREL WALL THERMOMETER,328.95
"WALL ART , LOVES' SECRET ",47.6
"WALL ART , THE MAGIC FOREST ",13.9
"WALL ART ,PUDDINGS ",61.2
WALL ART 70'S ALPHABET ,2399.58
WALL ART ANIMALS AND NATURE ,474.75
WALL ART BICYCLE SAFETY,3442.27
WALL ART BICYCLE SAFTEY ,114.15
WALL ART BIG LOVE ,5340.21
WALL ART BUFFALO BILL ,936.4200000000001
WALL ART CAT AND BIRD ,324.98
WALL ART CLASSIC PUDDINGS ,6093.49
WALL ART DOG AND BALL ,226.29000000000002
WALL ART DOG LICENCE ,2265.18
WALL ART DOLLY GIRL ,896.3700000000001
WALL ART GARDEN HAVEN ,936.34
WALL ART HORSE & PONY ,644.6700000000001
WALL ART I LOVE LONDON ,387.3
WALL ART KEEP CALM ,4861.75
WALL ART LOVES' SECRET ,1082.1100000000001
WALL ART MID CENTURY MODERN ,1015.78
WALL ART ONLY ONE PERSON ,4241.25
WALL ART SPACEBOY,495.48
WALL ART STOP FOR TEA ,3754.13
WALL ART THE MAGIC FOREST ,876.64
WALL ART TREASURE AHOY ,317.97
WALL ART VILLAGE SHOW ,1201.6100000000001
WALL ART VINTAGE HEART,1278.87
WALL ART WORK REST AND PLAY  ,853.47
"WALL ART,ONLY ONE PERSON ",29.700000000000003
"WALL MIRROR , DIAMANTE OVAL SHAPE",2591.85
"WALL MIRROR , RECT DIAMANTE, PINK/",1108.8600000000001
WALL MIRROR RECTANGLE DIAMANTE PINK,561.45
WALL MOUNTED VINTAGE ORGANISER,5507.74
WALL TIDY RETROSPOT ,4898.96
WASH BAG VINTAGE ROSE PAISLEY,4497.45
WASHROOM METAL SIGN,9209.91
WATERING CAN BLUE ELEPHANT,6072.999999999999
WATERING CAN GARDEN MARKER,2998.7
WATERING CAN GREEN DINOSAUR,4894.37
WATERING CAN PINK BUNNY,6261.049999999999
WATERING CAN SINGLE HOOK PISTACHIO,564.12
WATERMELON BATH SPONGE,2169.95
WAVELINE SURF IRONING BOARD COVER,30.0
WAY OUT METAL SIGN ,1333.35
WEEKEND BAG VINTAGE ROSE PAISLEY,7877.8
WELCOME  WOODEN BLOCK LETTERS,9398.65
WELCOME METAL SIGN,55.0
WHEELBARROW FOR CHILDREN ,6146.37
WHITE  ROSEBUD PEARL BRACELET,80.7
WHITE 3 FRAME BIRDS AND TREE ,237.8
WHITE ADVENT CANDLE,829.08
WHITE ALLIUM  ARTIFICIAL FLOWER,67.6
WHITE AND BLUE CERAMIC OIL BURNER,367.85
WHITE ANEMONE ARTIFICIAL FLOWER,329.55
WHITE BAMBOO RIBS LAMPSHADE,2678.35
WHITE BAROQUE CARRIAGE CLOCK,218.89999999999998
WHITE BAROQUE WALL CLOCK ,785.4
WHITE BEADED GARLAND STRING 20LIGHT,6055.799999999999
WHITE BELL HONEYCOMB PAPER ,2914.85
WHITE BELL HONEYCOMB PAPER GARLAND ,2098.6499999999996
WHITE BIRD GARDEN DESIGN MUG,1323.2
WHITE BITTY LIGHT CHAIN ,1004.73
WHITE BROCANTE SOAP DISH,2169.65
WHITE CANDYSTUFT ARTIFICIAL FLOWER,543.37
WHITE CERAMIC PARTY SET (5PCS),337.58
WHITE CHERRY LIGHTS,5687.5
WHITE CHOCOLATE SCENT CANDLE,244.35000000000002
WHITE CHRISTMAS FLOCK DROPLET ,73.91
WHITE CHRISTMAS GARLAND STARS TREES,2100.45
WHITE CHRISTMAS HEART DECORATION,1083.36
WHITE CHRISTMAS STAR DECORATION,1337.04
WHITE CHRISTMAS TREE 60CM,8.850000000000001
WHITE CHRISTMAS TREE DECORATION ,874.8
WHITE CHRYSANTHEMUMS ART FLOWER,464.34000000000003
WHITE DOVE HONEYCOMB PAPER GARLAND,7737.299999999999
WHITE ENAMEL FLOWER HAIR TIE,26.550000000000004
WHITE FOXGLOVE ARTIIFCIAL FLOWER,40.8
WHITE FRANGIPANI HAIR CLIP,14.45
WHITE FRANGIPANI NECKLACE,43.349999999999994
WHITE GLASS CHUNKY CHARM BRACELET,620.05
WHITE GLASS TV TRIPLE FRAME,68.0
WHITE GOOSE FEATHER CHRISTMAS TREE ,1461.65
WHITE GOOSE FEATHER TREE 60CM ,786.3
WHITE GRAND BAROQUE PHOTO FRAME,379.5
WHITE HAND TOWEL WITH BUTTERFLY,477.85
WHITE HANGING BEADS CANDLE HOLDER,3854.65
WHITE HANGING HEART T-LIGHT HOLDER,252072.46
WHITE HEART CONFETTI IN TUBE,1306.11
WHITE HEART OF GLASS BRACELET,136.85000000000002
WHITE HEARTS WIRE PLANT POT HOLDER,873.5600000000001
WHITE HONEYCOMB PAPER FAN ,158.36
WHITE HONEYCOMB PAPER GARLAND ,866.7499999999999
WHITE HYDRANGEA ART FLOWER,319.8
WHITE JEWELLED HEART DECORATION,4826.719999999999
WHITE LOVEBIRD LANTERN,6090.700000000001
WHITE METAL BAROQUE PHOTO FRAME,120.0
WHITE METAL LANTERN,16058.44
WHITE MOROCCAN METAL LANTERN,202.92
WHITE MURANO TWIST BRACELET,418.25
WHITE NEWBAROQUE CANDLESTICK CANDLE,737.2
"WHITE PEARL BEADED HEART, SMALL",536.25
WHITE PICNIC BARBECUE BUCKET,474.9
WHITE RETRODISC LAMPSHADE,1775.1
WHITE ROCKING HORSE HAND PAINTED,3377.75
WHITE ROHMBIC BLOCK TABLE LAMP,5.9
WHITE ROSE C/COVER,119.0
WHITE ROSEBUD  PEARL EARRINGS,51.0
WHITE ROSEBUD & PEARL NECKLACE,30.0
WHITE ROUND PORCELAIN TLIGHT HOLDER,256.8
WHITE SAGE INCENSE,435.18
WHITE SATIN DRESS JEWEL STAND,19.8
WHITE SCANDINAVIAN HEART CHRISTMAS,1.25
WHITE SILVER NECKLACE SHELL GLASS,19.9
WHITE SKULL HOT WATER BOTTLE ,18319.2
WHITE SNOW SCANDINAVIAN STOCKING ,266.52
WHITE SOAP RACK WITH 2 BOTTLES,1393.9
WHITE SPOT BLUE CERAMIC DRAWER KNOB,11297.98
WHITE SPOT RED CERAMIC DRAWER KNOB,12465.37
WHITE SQUARE TABLE CLOCK,228.54
WHITE STITCHED CUSHION COVER,1158.08
WHITE STITCHED WALL CLOCK,814.4
WHITE STONE/CRYSTAL EARRINGS,53.10000000000001
WHITE SWEETHEARTS CABINET 4 DRAWERS,2940.75
WHITE TALL PORCELAIN T-LIGHT HOLDER,3431.4
"WHITE TEA,COFFEE,SUGAR JARS",1236.1
WHITE TISSUE REAM,2591.7000000000003
WHITE TRAVEL ALARM CLOCK,770.76
WHITE VINT ART DECO CRYSTAL NECKLAC,153.0
WHITE VINTAGE CRYSTAL BRACELET,128.25
WHITE VINTAGE CRYSTAL EARRINGS,41.25
WHITE WICKER STAR ,2963.1000000000004
WHITE WIRE EGG HOLDER,9629.050000000001
WHITE WIRE PLANT POT HOLDER,46.24
WHITE WITH BLACK CATS BOWL,141.68
WHITE WITH BLACK CATS MUG,977.11
WHITE WITH BLACK CATS PLATE,716.23
WHITE WITH METAL BAG CHARM,64.35000000000001
WHITE WOOD GARDEN PLANT LADDER,14350.66
WHITE WOOD SINGLE P/FRAME,6.25
WHITE/BLUE PULL BACK RACING CAR,851.1500000000001
WHITE/BLUE RECT CERAMIC OIL BURNER,25.0
WHITE/PINK CHICK DECORATION,328.89
WHITE/PINK CHICK EASTER DECORATION,85.85
WHITE/PINK MINI CRYSTALS NECKLACE,54.45
WICKER STAR ,9521.1
WICKER WREATH LARGE,2696.21
WICKER WREATH SMALL,1875.6699999999998
WILLOW BRANCH LIGHTS.,4121.25
WINE BOTTLE DRESSING DARK BLUE,33.05
WINE BOTTLE DRESSING LT.BLUE,39.87
WIRE EGG BASKET ,827.5
WIRE FLOWER T-LIGHT HOLDER,276.25
WISE MAN STAR SHAPE EGG PAN,93.99
WOBBLING METAL CHICKEN EASTER,72.25
WOOD 2 DRAWER CABINET WHITE FINISH,29150.02
WOOD AND GLASS MEDICINE CABINET,1874.65
WOOD ANIMALS HEIGHT CHART STICKERS ,17.700000000000003
WOOD BLACK BOARD ANT WHITE FINISH,60513.09
WOOD FAN WITH FLOWER DESIGN,1638.43
WOOD S/3 CABINET ANT WHITE FINISH,31557.8
WOOD STAMP SET BEST WISHES,1755.4199999999998
WOOD STAMP SET FLOWERS,1636.83
WOOD STAMP SET HAPPY BIRTHDAY,1550.4199999999998
WOOD STAMP SET THANK YOU,2568.7999999999997
WOOD STOCKING CHRISTMAS SCANDISPOT,2336.68
WOOD XMAS TREE 9 FIG SHELVES,24.65
WOODEN ADVENT CALENDAR CREAM,12707.1
WOODEN ADVENT CALENDAR RED,8561.65
WOODEN BOX ADVENT CALENDAR ,10781.699999999999
WOODEN BOX OF DOMINOES,14877.12
WOODEN CHRISTMAS TREE 3 HANGING,60.480000000000004
WOODEN CROQUET GARDEN SET,21003.309999999998
WOODEN FRAME ANTIQUE WHITE ,40870.82
WOODEN HAPPY BIRTHDAY GARLAND,13843.900000000001
WOODEN HEART CHRISTMAS SCANDINAVIAN,6235.08
WOODEN HEART CHRISTMAS SCANDISPOT,30.599999999999998
WOODEN OWLS LIGHT GARLAND ,7645.389999999999
WOODEN PICTURE FRAME WHITE FINISH,37679.6
WOODEN REGATTA BUNTING,5740.150000000001
WOODEN ROUNDERS GARDEN SET ,21177.27
WOODEN SCHOOL COLOURING SET,18082.32
WOODEN SKITTLES GARDEN SET,13850.34
WOODEN STAR CHRISTMAS SCANDINAVIAN,5432.169999999999
WOODEN STAR CHRISTMAS SCANDISPOT,61.199999999999996
WOODEN TREE CHRISTMAS SCANDINAVIAN,3267.41
WOODEN TREE CHRISTMAS SCANDISPOT,81.6
WOODEN UNION JACK BUNTING,18322.68
WOODLAND  HEIGHT CHART STICKERS ,4271.400000000001
WOODLAND  STICKERS,2245.62
WOODLAND ANIMAL  WRITING SET ,2139.6499999999996
WOODLAND BUNNIES LOLLY MAKERS,1135.52
WOODLAND CHARLOTTE BAG,15235.59
WOODLAND CREATURES  WRAP,10.5
WOODLAND DESIGN  COTTON TOTE BAG,4315.5
WOODLAND LARGE BLUE FELT HEART,106.25
WOODLAND LARGE PINK FELT HEART,307.18
WOODLAND LARGE RED FELT HEART,247.5
WOODLAND MINI BACKPACK,3150.2000000000003
WOODLAND MINI RUCKSACK ,20.75
WOODLAND PARTY BAG + STICKER SET,5570.21
WOODLAND SMALL BLUE FELT HEART,246.51
WOODLAND SMALL PINK FELT HEART,232.39999999999998
WOODLAND SMALL RED FELT HEART,531.66
WOODLAND STORAGE BOX LARGE ,1739.54
WOODLAND STORAGE BOX SMALL,1340.7
WOODLAND WATER TRANSFER TATTOOS ,1447.6499999999999
WOOLLY HAT SOCK GLOVE ADVENT STRING,5001.750000000001
WORLD WAR 2 GLIDERS ASSTD DESIGNS,24905.87
WOVEN BERRIES CUSHION COVER ,383.1
WOVEN BUBBLE GUM CUSHION COVER,363.3
WOVEN CANDY CUSHION COVER ,193.95000000000002
WOVEN FROST CUSHION COVER,238.5
WOVEN ROSE GARDEN CUSHION COVER ,363.0
WOVEN SUNSET CUSHION COVER ,113.85000000000001
WRAP  PINK FLOCK,449.5
WRAP  VINTAGE DOILEY ,42.0
WRAP  VINTAGE DOILY ,1029.0
"WRAP , SUMMER ROSE DESIGN",63.0
WRAP 50'S  CHRISTMAS,1892.46
WRAP A PRETTY THANK YOU,21.0
WRAP ALPHABET DESIGN,3207.0
WRAP ALPHABET POSTER  ,761.0
WRAP BAD HAIR DAY,97.5
WRAP BILLBOARD FONTS DESIGN,756.0
WRAP BIRD GARDEN ,546.0
WRAP BLIZZARD,409.5
WRAP BLUE REINDEER,567.0
WRAP BLUE RUSSIAN FOLKART,636.75
WRAP BOUDOIR ,75.0
WRAP CAROUSEL,157.5
WRAP CHRISTMAS DECOUPAGE,10.5
WRAP CHRISTMAS SCREEN PRINT,1035.75
WRAP CHRISTMAS VILLAGE,3971.46
WRAP CIRCUS PARADE,2189.34
WRAP COWBOYS  ,1711.3
WRAP DAISY CARPET ,640.95
WRAP DOILEY DESIGN,1915.5
WRAP DOLLY GIRL,2151.0
WRAP ENGLISH ROSE ,5477.4
WRAP FLOWER SHOP  ,661.5
WRAP FOLK ART,658.75
WRAP GINGHAM ROSE ,943.92
WRAP GREEN PEARS ,1617.0
WRAP GREEN RUSSIAN FOLKART ,533.75
WRAP I LOVE LONDON ,2798.18
WRAP KEEP CALM BIRTHDAY,460.5
WRAP MAGIC FOREST ,451.5
WRAP MONSTER FUN ,903.0
WRAP PAISLEY PARK ,1375.5
WRAP PINK FAIRY CAKES ,6569.12
WRAP POPPIES  DESIGN,2105.5
WRAP RED APPLES ,3626.5
WRAP RED DOILEY,157.5
WRAP RED VINTAGE DOILY,866.0
WRAP ROMANTIC DECOUPAGE,10.5
WRAP SPEED DEMONS ,45.0
WRAP SUKI AND FRIENDS,2742.92
WRAP SUMMER ROSE DESIGN,42.0
WRAP SWEETS LIGHT PINK SMALL BOWL,78.11
WRAP VINTAGE LEAF DESIGN,2140.92
WRAP VINTAGE PETALS  DESIGN,1338.0
WRAP WEDDING DAY,1089.5
WRAP WINTER FOREST,105.0
"WRAP, BILLBOARD FONTS DESIGN",1146.8
"WRAP, CAROUSEL",241.5
"WRAP, FRIENDSHIP ON GREEN",609.0
"WRAP,SUKI AND FRIENDS",1352.5
"WRAPPING PAPER, XMAS VILLAGE",10.5
YELLOW + BROWN BEAR FELT PURSE KIT,43.75
YELLOW BIRDS FELT DES FOODCOVER,33.75
YELLOW BREAKFAST CUP AND SAUCER,439.84
YELLOW BROWN BEAR FELT PURSE KIT,13.75
YELLOW COAT RACK PARIS FASHION,1465.2900000000002
YELLOW DRAGONFLY HELICOPTER,620.1
YELLOW EASTER EGG HUNT START POST,465.9
YELLOW FELT HANGING HEART W FLOWER,43.349999999999994
YELLOW FLOWERS FELT HANDBAG KIT,338.1
YELLOW GIANT GARDEN THERMOMETER,1606.97
YELLOW KNITTED KIDS RUCKSACK,222.75
YELLOW METAL CHICKEN HEART ,1903.05
YELLOW PINK FLOWER DESIGN BIG BOWL,19.770000000000003
YELLOW POT PLANT CANDLE,1245.15
YELLOW PURPLE DAISY FELT PURSE KIT,107.5
YELLOW RABBIT SAT EASTER,20.16
YELLOW RED FLOWER PIGGY BANK,206.54999999999998
YELLOW SHARK HELICOPTER,779.1
YELLOW VW BEETLE CERAMIC MONEY BOX,130.9
YELLOW/BLUE RETRO RADIO,70.80000000000001
YELLOW/ORANGE FLOWER DESIGN PLATE,19.72
YELLOW/PINK CERAMIC CANDLE HOLDER,11.549999999999999
YELLOW/PINK FLOWER DESIGN BIG MUG,37.83
YOU'RE CONFUSING ME METAL SIGN ,13568.71
YULETIDE IMAGES GIFT WRAP SET,1136.56
YULETIDE IMAGES S/6 PAPER BOXES,932.0999999999999
ZINC  HEART T-LIGHT HOLDER,997.1800000000001
ZINC  STAR T-LIGHT HOLDER ,1361.54
ZINC BOX SIGN HOME,1348.01
ZINC FINISH 15CM PLANTER POTS,1907.53
ZINC FOLKART SLEIGH BELLS,12885.7
ZINC HEART FLOWER T-LIGHT HOLDER,947.18
ZINC HEART LATTICE 2 WALL PLANTER,463.54999999999995
ZINC HEART LATTICE CHARGER LARGE,266.25
ZINC HEART LATTICE CHARGER SMALL,115.05000000000001
ZINC HEART LATTICE DOUBLE PLANTER,566.1
ZINC HEART LATTICE PLANTER BOWL,713.8000000000001
ZINC HEART LATTICE T-LIGHT HOLDER,1629.22
ZINC HEART LATTICE TRAY OVAL ,417.7
ZINC HEARTS PLANT POT HOLDER,746.15
ZINC HERB GARDEN CONTAINER,3348.57
ZINC METAL HEART DECORATION,23815.18
ZINC PLANT POT HOLDER,23.12
ZINC POLICE BOX LANTERN,783.7
ZINC STAR T-LIGHT HOLDER ,10.0
ZINC SWEETHEART SOAP DISH,106.9
ZINC SWEETHEART WIRE LETTER RACK,923.63
ZINC T-LIGHT HOLDER STAR LARGE,1896.5399999999997
ZINC T-LIGHT HOLDER STARS LARGE,22.799999999999997
ZINC T-LIGHT HOLDER STARS SMALL,3879.9799999999996
ZINC TOP  2 DOOR WOODEN SHELF ,1511.8
ZINC WILLIE WINKIE  CANDLE STICK,5187.57
ZINC WIRE KITCHEN ORGANISER,156.8
ZINC WIRE SWEETHEART LETTER TRAY,253.24
